Time (s),Accel Roll (deg),Gyro Roll (deg),Filtered Roll (deg)
0.002,-1.44,-2.1,-1.51
0.016,-1.57,-1.51,-1.56
0.031,-1.57,-1.55,-1.57
0.046,-2.19,-1.54,-2.12
0.061,-2.14,-2.1,-2.14
0.076,-2.09,-2.13,-2.09
0.091,-1.91,-2.09,-1.93
0.106,-1.83,-1.94,-1.84
0.121,-2.01,-1.85,-1.99
0.136,-1.55,-2.0,-1.59
0.15,-1.78,-1.59,-1.76
0.165,-2.08,-1.76,-2.05
0.181,-2.06,-2.04,-2.06
0.195,-1.77,-2.06,-1.8
0.211,-1.96,-1.8,-1.95
0.225,-1.57,-1.95,-1.61
0.24,-1.7,-1.6,-1.69
0.255,-1.65,-1.67,-1.65
0.27,-1.88,-1.63,-1.85
0.284,-2.23,-1.84,-2.19
0.299,-2.13,-2.18,-2.14
0.314,-1.87,-2.14,-1.9
0.328,-1.88,-1.91,-1.88
0.343,-1.68,-1.89,-1.7
0.357,-1.78,-1.7,-1.77
0.372,-1.6,-1.77,-1.62
0.386,-1.69,-1.61,-1.68
0.401,-1.97,-1.66,-1.94
0.415,-2.17,-1.91,-2.14
0.43,-2.13,-2.12,-2.13
0.444,-1.95,-2.12,-1.97
0.458,-1.87,-1.97,-1.88
0.473,-2.02,-1.88,-2.01
0.487,-2.11,-2.0,-2.1
0.502,-2.06,-2.1,-2.07
0.517,-2.03,-2.07,-2.03
0.531,-1.97,-2.04,-1.98
0.546,-2.0,-1.98,-2.0
0.56,-2.02,-2.0,-2.02
0.574,-2.04,-2.02,-2.03
0.589,-1.96,-2.04,-1.97
0.604,-1.94,-1.97,-1.95
0.619,-2.05,-1.95,-2.04
0.634,-2.02,-2.05,-2.02
0.648,-1.92,-2.03,-1.93
0.663,-1.81,-1.94,-1.83
0.678,-1.78,-1.83,-1.79
0.692,-1.86,-1.79,-1.86
0.707,-2.02,-1.85,-2.0
0.721,-1.97,-2.0,-1.97
0.736,-1.94,-1.96,-1.94
0.75,-1.9,-1.94,-1.9
0.764,-1.86,-1.9,-1.86
0.779,-1.96,-1.85,-1.95
0.793,-2.01,-1.94,-2.01
0.808,-2.0,-2.0,-2.0
0.822,-2.01,-1.99,-2.01
0.837,-2.03,-2.0,-2.03
0.851,-2.12,-2.02,-2.11
0.866,-2.12,-2.11,-2.12
0.88,-2.06,-2.13,-2.07
0.895,-2.01,-2.08,-2.01
0.91,-1.99,-2.03,-1.99
0.924,-1.87,-2.01,-1.88
0.939,-1.81,-1.89,-1.82
0.953,-1.79,-1.82,-1.79
0.968,-1.86,-1.79,-1.86
0.982,-1.92,-1.85,-1.92
0.997,-1.97,-1.91,-1.97
1.011,-1.92,-1.96,-1.92
1.026,-1.89,-1.92,-1.9
1.041,-1.88,-1.89,-1.88
1.056,-1.94,-1.87,-1.93
1.07,-2.02,-1.92,-2.01
1.084,-1.97,-2.0,-1.97
1.099,-1.93,-1.97,-1.93
1.113,-1.92,-1.93,-1.92
1.128,-1.9,-1.92,-1.9
1.142,-1.91,-1.9,-1.91
1.157,-2.05,-1.9,-2.04
1.171,-2.06,-2.03,-2.06
1.186,-1.94,-2.07,-1.95
1.2,-1.87,-1.96,-1.88
1.215,-1.93,-1.88,-1.92
1.229,-1.97,-1.92,-1.96
1.244,-1.9,-1.96,-1.9
1.259,-1.9,-1.9,-1.9
1.274,-1.86,-1.9,-1.87
1.288,-1.93,-1.86,-1.93
1.302,-1.94,-1.92,-1.94
1.317,-1.93,-1.94,-1.93
1.331,-1.9,-1.93,-1.9
1.346,-1.86,-1.9,-1.86
1.36,-1.96,-1.86,-1.95
1.375,-1.98,-1.95,-1.98
1.389,-1.89,-1.98,-1.9
1.404,-1.88,-1.9,-1.88
1.419,-1.92,-1.88,-1.91
1.433,-1.95,-1.91,-1.94
1.448,-1.98,-1.94,-1.98
1.462,-2.03,-1.97,-2.03
1.476,-2.13,-2.02,-2.12
1.491,-2.06,-2.12,-2.07
1.505,-1.96,-2.08,-1.97
1.52,-1.86,-1.98,-1.88
1.534,-1.87,-1.89,-1.87
1.548,-1.74,-1.88,-1.76
1.563,-1.65,-1.76,-1.66
1.578,-1.81,-1.66,-1.8
1.592,-1.87,-1.79,-1.86
1.607,-2.0,-1.85,-1.99
1.621,-2.09,-1.98,-2.07
1.636,-1.93,-2.07,-1.95
1.65,-1.88,-1.94,-1.89
1.665,-1.9,-1.88,-1.9
1.679,-1.96,-1.89,-1.95
1.694,-1.98,-1.94,-1.98
1.709,-1.89,-1.97,-1.9
1.723,-1.91,-1.89,-1.91
1.738,-2.13,-1.9,-2.11
1.752,-2.22,-2.1,-2.21
1.767,-2.15,-2.2,-2.15
1.782,-2.02,-2.16,-2.03
1.796,-2.02,-2.04,-2.02
1.811,-1.95,-2.03,-1.96
1.825,-1.87,-1.96,-1.88
1.839,-1.86,-1.88,-1.86
1.854,-1.91,-1.86,-1.9
1.869,-1.9,-1.9,-1.9
1.883,-1.91,-1.89,-1.91
1.898,-1.98,-1.9,-1.97
1.913,-1.96,-1.96,-1.96
1.927,-1.96,-1.96,-1.96
1.942,-2.0,-1.95,-1.99
1.956,-2.06,-1.99,-2.05
1.971,-2.08,-2.06,-2.07
1.985,-1.97,-2.08,-1.98
2.0,-1.92,-1.98,-1.93
2.014,-1.94,-1.93,-1.94
2.029,-1.96,-1.94,-1.96
2.043,-2.04,-1.96,-2.04
2.057,-2.08,-2.04,-2.07
2.072,-2.22,-2.08,-2.21
2.086,-2.05,-2.23,-2.06
2.1,-1.47,-2.1,-1.53
2.115,-1.84,-1.55,-1.81
2.13,-2.65,-1.82,-2.57
2.144,-2.61,-2.65,-2.61
2.159,-2.08,-2.73,-2.15
2.173,-1.76,-2.29,-1.82
2.188,-1.31,-1.98,-1.38
2.203,-0.79,-1.56,-0.87
2.217,-0.63,-1.02,-0.67
2.231,0.21,-0.82,0.11
2.246,0.66,0.02,0.6
2.26,0.4,0.55,0.41
2.274,-0.43,0.47,-0.34
2.288,-1.77,-0.27,-1.62
2.302,-1.85,-1.62,-1.82
2.317,-1.47,-1.86,-1.5
2.332,-0.23,-1.56,-0.36
2.346,-0.28,-0.42,-0.3
2.361,-0.32,-0.34,-0.33
2.375,-0.22,-0.35,-0.23
2.389,-0.42,-0.24,-0.4
2.404,-0.48,-0.39,-0.47
2.419,-1.41,-0.46,-1.31
2.433,-2.22,-1.31,-2.13
2.448,-0.15,-2.18,-0.35
2.463,0.17,-0.45,0.11
2.477,0.0,0.04,0.0
2.491,0.05,-0.03,0.04
2.506,-0.02,0.02,-0.02
2.52,-0.28,-0.0,-0.25
2.534,-0.6,-0.24,-0.56
2.549,-0.63,-0.55,-0.62
2.563,-0.44,-0.63,-0.46
2.578,-0.36,-0.46,-0.37
2.593,-0.48,-0.37,-0.47
2.608,-0.35,-0.47,-0.36
2.623,-0.26,-0.37,-0.27
2.638,-0.49,-0.28,-0.47
2.653,-0.4,-0.47,-0.41
2.668,-0.18,-0.41,-0.2
2.683,-0.33,-0.2,-0.32
2.698,-0.36,-0.32,-0.36
2.713,-0.28,-0.36,-0.29
2.728,-0.33,-0.28,-0.33
2.743,-0.41,-0.32,-0.4
2.758,-0.44,-0.39,-0.44
2.773,-0.45,-0.43,-0.45
2.788,-0.33,-0.46,-0.34
2.802,-0.28,-0.35,-0.29
2.817,-0.32,-0.29,-0.32
2.832,-0.38,-0.32,-0.37
2.846,-0.34,-0.37,-0.35
2.861,-0.37,-0.34,-0.37
2.875,-0.52,-0.36,-0.5
2.89,-0.56,-0.5,-0.55
2.904,-0.43,-0.55,-0.44
2.919,-0.28,-0.44,-0.3
2.933,-0.34,-0.3,-0.33
2.949,-0.36,-0.33,-0.36
2.963,-0.34,-0.36,-0.34
2.978,-0.28,-0.34,-0.29
2.992,-0.39,-0.28,-0.38
3.007,-0.42,-0.37,-0.42
3.021,-0.35,-0.42,-0.36
3.035,-0.32,-0.36,-0.32
3.05,-0.34,-0.32,-0.33
3.065,-0.39,-0.33,-0.39
3.079,-0.41,-0.38,-0.41
3.094,-0.44,-0.41,-0.44
3.109,-0.4,-0.43,-0.4
3.124,-0.34,-0.4,-0.35
3.138,-0.36,-0.35,-0.36
3.154,-0.39,-0.36,-0.38
3.169,-0.3,-0.38,-0.3
3.184,-0.32,-0.3,-0.32
3.198,-0.52,-0.32,-0.5
3.214,-0.51,-0.5,-0.51
3.228,-0.23,-0.51,-0.26
3.243,-0.21,-0.26,-0.21
3.258,-0.33,-0.21,-0.32
3.273,-0.39,-0.31,-0.38
3.288,-0.37,-0.37,-0.37
3.303,-0.41,-0.36,-0.41
3.318,-0.43,-0.4,-0.42
3.333,-0.23,-0.42,-0.25
3.347,-0.84,-0.24,-0.78
3.362,-0.33,-0.79,-0.38
3.376,-0.56,-0.38,-0.55
3.391,-0.5,-0.55,-0.51
3.405,-0.31,-0.52,-0.33
3.42,-0.36,-0.33,-0.36
3.435,-0.34,-0.36,-0.34
3.449,-0.39,-0.34,-0.39
3.464,-0.35,-0.38,-0.35
3.478,-0.38,-0.35,-0.38
3.493,-0.01,-0.37,-0.05
3.507,-0.67,-0.04,-0.6
3.522,-0.38,-0.61,-0.4
3.536,-0.38,-0.41,-0.38
3.551,-0.45,-0.38,-0.44
3.565,-0.34,-0.44,-0.35
3.58,-0.27,-0.36,-0.28
3.594,-0.35,-0.29,-0.34
3.609,-0.41,-0.34,-0.41
3.624,-0.34,-0.41,-0.35
3.638,-0.34,-0.34,-0.34
3.653,-0.4,-0.33,-0.39
3.668,-0.4,-0.38,-0.4
3.682,-0.29,-0.39,-0.3
3.697,-0.36,-0.3,-0.35
3.712,-0.38,-0.35,-0.38
3.727,-0.28,-0.37,-0.28
3.741,-0.35,-0.28,-0.34
3.756,-0.47,-0.34,-0.45
3.771,-0.46,-0.45,-0.46
3.786,-0.38,-0.46,-0.39
3.801,-0.41,-0.38,-0.4
3.816,-0.39,-0.4,-0.39
3.83,-0.37,-0.39,-0.37
3.845,-0.39,-0.37,-0.38
3.859,-0.43,-0.38,-0.42
3.874,-0.42,-0.42,-0.42
3.889,-0.34,-0.42,-0.35
3.903,-0.37,-0.34,-0.37
3.918,-0.52,-0.36,-0.5
3.933,-0.52,-0.49,-0.51
3.948,-0.44,-0.52,-0.45
3.962,-0.39,-0.46,-0.39
3.977,-0.35,-0.4,-0.36
3.991,-0.29,-0.36,-0.3
4.006,-0.32,-0.29,-0.32
4.02,-0.25,-0.32,-0.25
4.035,-0.31,-0.24,-0.3
4.049,-0.52,-0.29,-0.5
4.064,-0.52,-0.49,-0.51
4.079,-0.43,-0.51,-0.44
4.094,-0.45,-0.43,-0.45
4.109,-0.39,-0.44,-0.4
4.124,-0.42,-0.39,-0.42
4.138,-0.41,-0.41,-0.41
4.153,-0.35,-0.4,-0.36
4.168,-0.45,-0.35,-0.44
4.183,-0.34,-0.43,-0.35
4.198,-0.58,-0.34,-0.56
4.212,-0.59,-0.55,-0.59
4.227,-0.4,-0.59,-0.42
4.242,-0.32,-0.42,-0.33
4.257,-0.37,-0.34,-0.37
4.272,-0.33,-0.37,-0.33
4.287,-0.38,-0.34,-0.37
4.302,-0.36,-0.38,-0.36
4.32,-0.36,-0.36,-0.36
4.335,-0.5,-0.36,-0.48
4.35,-0.48,-0.48,-0.48
4.364,-0.38,-0.48,-0.39
4.378,-0.34,-0.39,-0.35
4.393,-0.3,-0.35,-0.3
4.407,-0.32,-0.3,-0.32
4.422,-0.32,-0.31,-0.32
4.436,-0.31,-0.31,-0.31
4.451,-0.32,-0.31,-0.32
4.466,-0.41,-0.32,-0.4
4.48,-0.41,-0.39,-0.4
4.494,-0.47,-0.4,-0.46
4.509,-0.47,-0.46,-0.47
4.524,-0.39,-0.47,-0.39
4.538,-0.32,-0.39,-0.32
4.553,-0.32,-0.32,-0.32
4.567,-0.32,-0.31,-0.32
4.582,-0.36,-0.31,-0.35
4.596,-0.36,-0.35,-0.36
4.612,-0.36,-0.36,-0.36
4.627,-0.42,-0.35,-0.41
4.642,-0.43,-0.41,-0.42
4.657,-0.43,-0.42,-0.43
4.672,-0.47,-0.42,-0.47
4.687,-0.45,-0.47,-0.45
4.702,-0.34,-0.45,-0.35
4.717,-0.36,-0.35,-0.36
4.732,-0.35,-0.36,-0.35
4.747,-0.36,-0.35,-0.36
4.762,-0.41,-0.36,-0.41
4.776,-0.39,-0.41,-0.39
4.792,-0.39,-0.39,-0.39
4.807,-0.4,-0.39,-0.4
4.821,-0.28,-0.4,-0.29
4.836,-0.28,-0.29,-0.28
4.85,-0.35,-0.27,-0.34
4.865,-0.42,-0.34,-0.41
4.879,-0.45,-0.41,-0.45
4.893,-0.36,-0.45,-0.37
4.908,-0.33,-0.37,-0.33
4.923,-0.44,-0.33,-0.43
4.937,-0.45,-0.43,-0.45
4.952,-0.3,-0.45,-0.31
4.968,-0.32,-0.31,-0.32
4.982,-0.36,-0.31,-0.35
4.997,-0.42,-0.35,-0.41
5.011,-0.45,-0.41,-0.45
5.026,-0.43,-0.44,-0.44
5.04,-0.42,-0.43,-0.42
5.055,-0.34,-0.42,-0.35
5.069,-0.5,-0.34,-0.48
5.084,-0.45,-0.48,-0.46
5.099,-0.42,-0.46,-0.42
5.115,-0.39,-0.43,-0.4
5.13,-0.32,-0.4,-0.33
5.145,-0.31,-0.33,-0.31
5.16,-0.27,-0.31,-0.27
5.175,-0.34,-0.26,-0.33
5.19,-0.55,-0.32,-0.53
5.205,-0.55,-0.52,-0.55
5.22,-0.3,-0.55,-0.33
5.235,-0.34,-0.33,-0.34
5.25,-0.44,-0.33,-0.43
5.265,-0.41,-0.43,-0.41
5.28,-0.43,-0.41,-0.42
5.295,-0.32,-0.43,-0.33
5.31,-0.4,-0.33,-0.39
5.325,-0.39,-0.39,-0.39
5.34,-0.38,-0.38,-0.38
5.354,-0.38,-0.38,-0.38
5.369,-0.44,-0.38,-0.43
5.383,-0.43,-0.43,-0.43
5.398,-0.39,-0.43,-0.39
5.412,-0.38,-0.39,-0.38
5.426,-0.32,-0.38,-0.33
5.441,-0.31,-0.33,-0.31
5.456,-0.36,-0.31,-0.36
5.47,-0.37,-0.35,-0.37
5.485,-0.45,-0.36,-0.44
5.499,-0.45,-0.44,-0.45
5.514,-0.48,-0.45,-0.48
5.528,-0.41,-0.48,-0.41
5.543,-0.29,-0.42,-0.3
5.557,-0.25,-0.31,-0.25
5.572,-0.39,-0.25,-0.38
5.586,-0.44,-0.37,-0.43
5.601,-0.42,-0.43,-0.42
5.618,-0.43,-0.41,-0.43
5.633,-0.41,-0.42,-0.41
5.648,-0.4,-0.41,-0.4
5.663,-0.39,-0.4,-0.39
5.678,-0.36,-0.39,-0.36
5.693,-0.32,-0.36,-0.33
5.708,-0.36,-0.32,-0.35
5.723,-0.4,-0.35,-0.39
5.738,-0.39,-0.39,-0.39
5.754,-0.34,-0.39,-0.35
5.769,-0.34,-0.35,-0.34
5.784,-0.35,-0.34,-0.35
5.798,-0.36,-0.35,-0.36
5.813,-0.32,-0.35,-0.32
5.828,-0.41,-0.31,-0.4
5.843,-0.5,-0.39,-0.49
5.857,-0.52,-0.48,-0.52
5.872,-0.43,-0.52,-0.44
5.886,-0.11,-0.44,-0.14
5.901,-0.45,-0.14,-0.42
5.915,-0.12,-0.42,-0.15
5.929,-0.24,-0.15,-0.23
5.944,-0.12,-0.21,-0.13
5.958,-0.9,-0.1,-0.82
5.973,-1.4,-0.77,-1.34
5.987,-0.58,-1.32,-0.66
6.001,-0.08,-0.67,-0.13
6.016,-0.39,-0.14,-0.37
6.03,-0.46,-0.38,-0.45
6.045,-0.46,-0.46,-0.46
6.059,-0.41,-0.46,-0.41
6.073,-0.19,-0.4,-0.21
6.088,-0.08,-0.19,-0.09
6.103,-0.23,-0.05,-0.21
6.118,0.64,-0.16,0.56
6.132,1.03,0.64,0.99
6.147,-0.63,1.12,-0.46
6.161,-2.46,-0.28,-2.24
6.176,-1.19,-2.08,-1.28
6.191,-0.02,-1.17,-0.14
6.205,-0.75,0.03,-0.67
6.22,-1.92,-0.4,-1.76
6.235,-4.97,-1.49,-4.62
6.25,-4.19,-4.51,-4.23
6.265,-1.76,-4.22,-2.01
6.279,-1.84,-2.04,-1.86
6.294,-2.03,-1.88,-2.01
6.308,-1.66,-2.01,-1.69
6.323,-2.03,-1.68,-2.0
6.338,-2.65,-1.96,-2.58
6.352,-2.58,-2.55,-2.58
6.366,-1.99,-2.58,-2.05
6.381,-1.95,-2.05,-1.96
6.395,-1.1,-1.97,-1.19
6.41,-0.19,-1.2,-0.29
6.424,-0.68,-0.27,-0.64
6.438,-1.13,-0.56,-1.07
6.452,-2.25,-0.95,-2.12
6.466,-3.83,-1.91,-3.64
6.48,-4.05,-3.52,-4.0
6.495,-3.55,-4.04,-3.6
6.51,-2.68,-3.65,-2.78
6.525,-2.99,-2.72,-2.96
6.539,-4.49,-2.85,-4.33
6.554,-4.22,-4.24,-4.23
6.568,-3.22,-4.25,-3.32
6.583,-0.81,-3.39,-1.07
6.597,-1.13,-1.15,-1.14
6.611,-1.98,-1.25,-1.91
6.626,-4.56,-1.95,-4.3
6.64,-3.37,-4.33,-3.47
6.655,-2.98,-3.52,-3.04
6.67,-1.4,-3.08,-1.56
6.684,-2.27,-1.6,-2.2
6.698,-3.58,-2.26,-3.45
6.713,-3.9,-3.67,-3.87
6.727,-5.9,-4.12,-5.73
6.747,-11.77,-5.96,-11.19
6.762,-14.41,-11.22,-14.09
6.776,-13.19,-13.79,-13.25
6.791,-7.48,-12.79,-8.01
6.806,-3.37,-7.51,-3.79
6.821,4.03,-3.39,3.29
6.835,5.65,3.34,5.42
6.849,6.07,5.29,5.99
6.863,4.63,5.41,4.71
6.877,1.86,3.96,2.07
6.891,0.37,1.2,0.46
6.906,-1.06,-0.49,-1.0
6.92,-1.43,-1.82,-1.47
6.935,-1.83,-2.26,-1.88
6.949,-1.47,-2.51,-1.58
6.963,-0.78,-1.97,-0.9
6.978,5.93,-1.24,5.21
6.992,5.19,4.94,5.16
7.006,1.43,4.93,1.78
7.021,1.43,1.64,1.45
7.035,14.74,1.22,13.39
7.049,15.2,12.78,14.96
7.067,4.34,14.22,5.33
7.082,4.13,4.89,4.21
7.096,9.24,3.65,8.68
7.11,6.68,8.14,6.83
7.124,5.98,6.29,6.01
7.139,7.79,5.38,7.55
7.153,7.66,6.99,7.59
7.168,7.06,7.08,7.06
7.182,8.37,6.51,8.18
7.197,11.36,7.59,10.98
7.211,11.97,10.4,11.82
7.226,14.28,11.22,13.97
7.24,13.94,13.4,13.89
7.254,12.79,13.43,12.85
7.268,11.92,12.49,11.97
7.283,10.21,11.62,10.35
7.297,9.89,10.02,9.91
7.311,11.55,9.59,11.35
7.326,16.25,11.01,15.72
7.339,12.06,15.47,12.4
7.353,11.04,12.17,11.15
7.367,16.51,10.71,15.93
7.381,18.55,15.47,18.24
7.396,15.46,17.93,15.71
7.41,15.12,15.43,15.15
7.424,20.73,14.79,20.14
7.438,21.14,19.74,21.0
7.452,14.93,20.73,15.51
7.466,11.88,15.34,12.22
7.48,9.19,11.97,9.47
7.494,9.62,8.99,9.55
7.509,8.59,9.18,8.65
7.523,8.76,8.58,8.74
7.537,12.91,9.11,12.53
7.552,19.02,13.01,18.41
7.566,19.72,18.9,19.64
7.579,15.84,20.06,16.26
7.593,20.2,16.26,19.81
7.607,26.44,19.43,25.74
7.621,22.95,25.2,23.17
7.636,20.09,22.54,20.33
7.65,20.55,19.6,20.45
7.664,22.55,19.55,22.25
7.679,25.17,21.29,24.79
7.693,25.58,24.02,25.43
7.708,24.27,24.68,24.31
7.722,21.25,23.61,21.49
7.737,21.91,20.7,21.79
7.751,22.53,21.15,22.39
7.765,23.46,21.78,23.29
7.78,22.61,22.73,22.62
7.794,23.7,22.36,23.56
7.809,24.11,23.39,24.04
7.823,24.07,24.05,24.07
7.837,26.87,24.08,26.59
7.852,26.72,26.76,26.73
7.866,26.21,27.04,26.29
7.88,27.1,26.6,27.05
7.894,27.75,27.32,27.7
7.908,22.65,27.95,23.18
7.922,19.08,23.42,19.51
7.936,20.5,19.69,20.42
7.95,22.22,20.54,22.05
7.965,21.43,22.19,21.51
7.979,20.68,21.57,20.77
7.993,20.87,20.8,20.87
8.008,21.05,20.89,21.04
8.022,22.33,21.03,22.2
8.036,30.3,22.13,29.48
8.05,27.22,29.5,27.45
8.064,17.72,27.44,18.7
8.078,19.55,18.47,19.45
8.092,19.54,19.24,19.51
8.107,18.58,19.31,18.65
8.121,21.44,18.41,21.14
8.136,25.48,20.84,25.01
8.152,24.67,24.53,24.66
8.166,26.08,24.19,25.89
8.181,29.84,25.36,29.39
8.195,28.2,28.87,28.27
8.21,31.82,27.58,31.4
8.224,23.18,30.9,23.95
8.239,20.96,23.97,21.26
8.252,26.95,21.22,26.38
8.267,26.69,26.43,26.66
8.281,26.66,26.69,26.66
8.296,26.47,26.64,26.48
8.31,26.93,26.46,26.88
8.325,26.96,26.87,26.95
8.339,26.81,26.94,26.83
8.354,26.43,26.81,26.47
8.368,26.03,26.42,26.07
8.382,26.92,25.98,26.83
8.397,27.82,26.66,27.71
8.411,28.44,27.57,28.36
8.425,28.06,28.32,28.09
8.439,27.05,28.1,27.16
8.453,26.99,27.18,27.0
8.468,27.13,27.01,27.12
8.482,27.19,27.11,27.18
8.496,27.05,27.16,27.06
8.511,26.57,27.03,26.62
8.525,26.86,26.5,26.83
8.539,27.87,26.69,27.75
8.553,27.89,27.6,27.86
8.567,28.32,27.72,28.26
8.581,28.92,28.15,28.84
8.596,29.22,28.76,29.17
8.61,28.01,29.13,28.12
8.624,27.65,28.12,27.69
8.639,28.43,27.67,28.35
8.654,28.54,28.32,28.52
8.669,27.04,28.49,27.18
8.683,27.63,27.1,27.58
8.698,29.42,27.45,29.22
8.713,29.06,29.14,29.07
8.727,29.13,29.02,29.12
8.742,29.02,29.11,29.03
8.756,28.7,29.04,28.73
8.771,28.59,28.78,28.61
8.786,28.34,28.66,28.37
8.8,28.09,28.42,28.13
8.815,28.33,28.16,28.31
8.83,28.28,28.33,28.28
8.845,28.29,28.3,28.29
8.859,28.38,28.29,28.37
8.873,28.29,28.36,28.3
8.887,28.45,28.29,28.44
8.901,28.59,28.42,28.57
8.916,28.4,28.56,28.41
8.93,28.3,28.41,28.31
8.944,28.64,28.31,28.6
8.958,28.46,28.61,28.48
8.973,28.18,28.49,28.21
8.987,28.27,28.21,28.27
9.001,28.43,28.26,28.41
9.015,28.51,28.4,28.5
9.029,28.4,28.49,28.41
9.044,28.31,28.4,28.32
9.059,28.37,28.31,28.37
9.073,28.5,28.36,28.48
9.087,28.5,28.48,28.5
9.101,28.51,28.49,28.51
9.116,28.47,28.51,28.48
9.13,28.47,28.47,28.47
9.145,28.48,28.46,28.48
9.159,28.52,28.47,28.51
9.173,28.61,28.51,28.6
9.188,28.62,28.59,28.61
9.203,28.57,28.61,28.58
9.217,28.5,28.59,28.51
9.233,28.58,28.51,28.58
9.247,28.56,28.59,28.56
9.262,28.45,28.58,28.46
9.276,28.42,28.47,28.43
9.291,28.49,28.44,28.48
9.306,28.4,28.5,28.41
9.321,28.4,28.42,28.4
9.336,28.43,28.41,28.43
9.35,28.42,28.43,28.42
9.364,28.43,28.42,28.43
9.379,28.33,28.43,28.34
9.395,28.3,28.33,28.3
9.41,28.53,28.29,28.51
9.424,28.46,28.49,28.47
9.44,28.51,28.46,28.5
9.454,28.47,28.5,28.47
9.468,28.53,28.47,28.53
9.483,28.39,28.52,28.4
9.497,28.55,28.39,28.53
9.511,28.55,28.53,28.55
9.526,28.54,28.54,28.54
9.54,28.75,28.53,28.73
9.555,28.62,28.73,28.63
9.569,28.51,28.63,28.52
9.583,28.54,28.53,28.54
9.598,28.4,28.55,28.42
9.613,28.41,28.42,28.41
9.628,28.62,28.41,28.6
9.643,28.73,28.59,28.71
9.658,28.57,28.71,28.58
9.673,28.39,28.59,28.41
9.687,28.59,28.42,28.57
9.702,28.53,28.57,28.54
9.717,28.47,28.53,28.48
9.731,28.53,28.47,28.52
9.746,28.6,28.51,28.59
9.761,28.51,28.58,28.52
9.776,28.56,28.5,28.55
9.79,28.62,28.53,28.61
9.805,28.83,28.58,28.81
9.82,28.92,28.78,28.9
9.835,28.7,28.88,28.72
9.851,28.75,28.72,28.75
9.866,28.84,28.75,28.83
9.881,28.8,28.85,28.81
9.896,28.61,28.83,28.63
9.91,28.61,28.65,28.61
9.925,28.64,28.63,28.64
9.94,28.73,28.66,28.72
9.955,28.43,28.74,28.46
9.971,28.35,28.47,28.37
9.986,28.54,28.37,28.52
10.001,28.6,28.52,28.59
10.016,28.63,28.58,28.63
10.03,28.62,28.62,28.62
10.045,28.62,28.61,28.62
10.06,28.62,28.62,28.62
10.075,28.71,28.61,28.7
10.09,28.66,28.7,28.67
10.104,28.7,28.67,28.7
10.119,28.74,28.7,28.74
10.133,28.73,28.74,28.73
10.147,28.68,28.74,28.69
10.163,28.49,28.7,28.51
10.178,28.48,28.52,28.48
10.193,28.55,28.48,28.54
10.208,28.61,28.54,28.6
10.224,28.64,28.61,28.63
10.238,28.67,28.63,28.66
10.253,28.61,28.67,28.62
10.268,28.6,28.63,28.61
10.282,28.58,28.61,28.58
10.297,28.58,28.58,28.58
10.311,28.6,28.58,28.6
10.326,28.6,28.6,28.6
10.34,28.58,28.59,28.59
10.355,28.59,28.58,28.59
10.369,28.6,28.58,28.6
10.384,28.63,28.59,28.63
10.398,28.74,28.63,28.73
10.412,28.75,28.73,28.75
10.427,28.63,28.75,28.64
10.441,28.61,28.64,28.62
10.455,28.6,28.62,28.61
10.469,28.62,28.61,28.62
10.484,28.62,28.62,28.62
10.498,28.59,28.63,28.59
10.512,28.55,28.59,28.55
10.527,28.61,28.55,28.6
10.541,28.66,28.6,28.65
10.555,28.68,28.65,28.67
10.569,28.67,28.67,28.67
10.584,28.65,28.67,28.66
10.598,28.6,28.65,28.6
10.614,28.55,28.6,28.55
10.628,28.6,28.55,28.6
10.643,28.62,28.59,28.62
10.657,28.67,28.62,28.66
10.672,28.69,28.66,28.68
10.686,28.72,28.68,28.72
10.701,28.69,28.71,28.69
10.716,28.67,28.69,28.67
10.73,28.7,28.66,28.69
10.745,28.8,28.68,28.78
10.76,28.72,28.78,28.73
10.774,28.69,28.73,28.7
10.789,28.72,28.7,28.72
10.803,28.75,28.73,28.74
10.818,28.7,28.76,28.71
10.832,28.7,28.72,28.7
10.847,28.74,28.71,28.74
10.862,28.7,28.74,28.71
10.876,28.63,28.71,28.64
10.89,28.57,28.65,28.58
10.905,28.62,28.59,28.61
10.919,28.64,28.62,28.64
10.933,28.66,28.64,28.65
10.948,28.64,28.66,28.64
10.962,28.54,28.65,28.55
10.976,28.59,28.55,28.58
10.99,28.72,28.58,28.7
11.004,28.7,28.7,28.7
11.019,28.68,28.7,28.68
11.033,28.73,28.68,28.73
11.047,28.7,28.73,28.7
11.061,28.59,28.71,28.6
11.075,28.65,28.61,28.65
11.089,28.68,28.66,28.68
11.103,28.57,28.68,28.58
11.118,28.57,28.59,28.58
11.132,28.61,28.58,28.61
11.147,28.58,28.61,28.59
11.161,28.55,28.59,28.56
11.177,28.58,28.55,28.57
11.191,28.69,28.57,28.68
11.206,28.67,28.68,28.67
11.22,28.68,28.67,28.68
11.235,28.66,28.69,28.66
11.25,28.59,28.67,28.6
11.264,28.58,28.61,28.58
11.279,28.57,28.59,28.57
11.293,28.59,28.57,28.59
11.307,28.71,28.58,28.7
11.322,28.68,28.7,28.68
11.336,28.61,28.68,28.61
11.351,28.6,28.62,28.6
11.366,28.66,28.6,28.65
11.38,28.67,28.65,28.67
11.397,28.59,28.67,28.6
11.408,28.63,28.6,28.62
11.422,28.65,28.62,28.65
11.437,28.63,28.64,28.64
11.451,28.62,28.63,28.62
11.465,28.77,28.62,28.76
11.479,28.73,28.75,28.73
11.493,28.68,28.73,28.68
11.507,28.65,28.68,28.65
11.522,28.65,28.65,28.65
11.536,28.69,28.65,28.68
11.55,28.73,28.69,28.73
11.564,28.58,28.73,28.6
11.579,28.56,28.61,28.57
11.593,28.56,28.57,28.56
11.608,28.63,28.56,28.62
11.622,28.67,28.62,28.66
11.636,28.67,28.67,28.67
11.651,28.66,28.68,28.66
11.665,28.59,28.67,28.6
11.68,28.54,28.6,28.55
11.694,28.62,28.55,28.61
11.709,28.7,28.62,28.69
11.725,28.62,28.69,28.63
11.74,28.63,28.63,28.63
11.754,28.65,28.63,28.64
11.769,28.62,28.65,28.62
11.783,28.59,28.63,28.6
11.798,28.61,28.6,28.61
11.813,28.73,28.61,28.72
11.827,28.67,28.72,28.68
11.842,28.71,28.68,28.7
11.857,28.64,28.71,28.64
11.871,28.58,28.65,28.59
11.885,28.58,28.59,28.58
11.899,28.63,28.58,28.62
11.913,28.67,28.62,28.66
11.927,28.69,28.67,28.69
11.942,28.65,28.7,28.66
11.956,28.6,28.67,28.6
11.97,28.6,28.61,28.6
11.984,28.57,28.61,28.57
11.998,28.57,28.57,28.57
12.013,28.57,28.57,28.57
12.027,28.56,28.57,28.56
12.041,28.6,28.56,28.6
12.055,28.6,28.6,28.6
12.07,28.64,28.59,28.63
12.084,28.66,28.63,28.65
12.098,28.68,28.65,28.68
12.112,28.7,28.67,28.7
12.127,28.67,28.7,28.67
12.141,28.64,28.67,28.64
12.156,28.65,28.64,28.64
12.171,28.68,28.64,28.68
12.185,28.68,28.68,28.68
12.2,28.69,28.68,28.68
12.214,28.67,28.68,28.67
12.229,28.71,28.67,28.7
12.243,28.69,28.71,28.7
12.258,28.6,28.7,28.61
12.272,28.63,28.62,28.63
12.287,28.69,28.63,28.69
12.301,28.65,28.69,28.65
12.316,28.59,28.65,28.6
12.331,28.61,28.6,28.61
12.345,28.64,28.6,28.64
12.36,28.56,28.64,28.56
12.374,28.58,28.56,28.58
12.389,28.58,28.57,28.58
12.403,28.7,28.58,28.69
12.417,28.75,28.69,28.75
12.431,28.8,28.75,28.79
12.446,28.7,28.8,28.71
12.46,28.69,28.72,28.69
12.474,28.67,28.71,28.67
12.489,28.64,28.68,28.64
12.503,28.53,28.65,28.54
12.517,28.6,28.55,28.59
12.531,28.64,28.59,28.63
12.545,28.56,28.63,28.57
12.559,28.57,28.56,28.57
12.574,28.72,28.56,28.7
12.588,28.75,28.7,28.74
12.602,28.62,28.74,28.63
12.616,28.55,28.63,28.55
12.631,28.62,28.55,28.61
12.645,28.62,28.61,28.62
12.659,28.69,28.62,28.68
12.674,28.7,28.68,28.7
12.688,28.74,28.7,28.74
12.703,28.77,28.75,28.77
12.719,28.72,28.78,28.73
12.734,28.58,28.74,28.6
12.748,28.55,28.61,28.56
12.763,28.53,28.57,28.53
12.777,28.53,28.54,28.53
12.792,28.57,28.53,28.56
12.807,28.58,28.56,28.58
12.821,28.61,28.58,28.61
12.836,28.6,28.61,28.6
12.85,28.56,28.61,28.56
12.864,28.6,28.56,28.6
12.879,28.6,28.59,28.6
12.893,28.56,28.6,28.56
12.907,28.58,28.56,28.57
12.922,28.69,28.57,28.68
12.935,28.7,28.67,28.7
12.949,28.61,28.69,28.61
12.964,28.61,28.6,28.61
12.978,28.96,28.6,28.93
12.992,29.0,28.92,28.99
13.007,28.64,28.99,28.68
13.021,28.5,28.68,28.52
13.035,28.62,28.53,28.61
13.049,28.79,28.62,28.77
13.063,28.7,28.78,28.71
13.077,28.84,28.71,28.82
13.093,28.95,28.83,28.94
13.108,28.73,28.94,28.75
13.122,28.75,28.75,28.75
13.136,28.98,28.75,28.96
13.151,28.69,28.95,28.71
13.165,28.18,28.71,28.24
13.18,28.2,28.24,28.2
13.195,28.51,28.21,28.48
13.209,28.67,28.49,28.65
13.224,28.7,28.65,28.69
13.238,28.68,28.7,28.68
13.253,28.69,28.68,28.69
13.267,28.74,28.69,28.73
13.282,28.75,28.74,28.75
13.296,28.71,28.75,28.72
13.311,28.67,28.72,28.68
13.326,28.68,28.69,28.68
13.34,28.71,28.69,28.71
13.354,28.58,28.72,28.59
13.369,28.58,28.6,28.58
13.384,28.64,28.58,28.63
13.398,28.6,28.63,28.6
13.412,28.57,28.6,28.57
13.426,28.62,28.57,28.62
13.44,28.62,28.62,28.62
13.455,28.67,28.62,28.67
13.469,28.68,28.66,28.67
13.484,28.65,28.67,28.65
13.498,28.69,28.65,28.68
13.513,28.73,28.68,28.73
13.527,28.73,28.73,28.73
13.541,28.7,28.73,28.71
13.555,28.66,28.71,28.66
13.57,28.68,28.66,28.67
13.584,28.74,28.68,28.73
13.598,28.78,28.73,28.77
13.612,28.61,28.77,28.63
13.626,28.58,28.63,28.59
13.64,28.67,28.59,28.66
13.655,28.75,28.66,28.74
13.669,28.69,28.74,28.69
13.684,28.61,28.69,28.62
13.699,28.65,28.61,28.65
13.713,28.77,28.64,28.76
13.728,28.79,28.76,28.79
13.742,28.81,28.79,28.8
13.757,28.74,28.81,28.75
13.772,28.67,28.75,28.68
13.786,28.7,28.68,28.7
13.801,28.65,28.71,28.66
13.815,28.64,28.67,28.64
13.83,28.72,28.65,28.71
13.844,28.68,28.71,28.68
13.859,28.65,28.68,28.65
13.873,28.64,28.65,28.64
13.887,28.68,28.65,28.68
13.902,28.7,28.68,28.69
13.916,28.7,28.7,28.7
13.93,28.7,28.7,28.7
13.944,28.71,28.71,28.71
13.959,28.64,28.71,28.64
13.973,28.63,28.65,28.63
13.987,28.63,28.63,28.63
14.002,28.64,28.63,28.64
14.016,28.7,28.64,28.69
14.03,28.7,28.69,28.7
14.044,28.71,28.7,28.71
14.059,28.62,28.71,28.62
14.073,28.61,28.62,28.61
14.088,28.7,28.61,28.69
14.102,28.69,28.69,28.69
14.116,28.74,28.69,28.74
14.13,28.74,28.73,28.74
14.145,28.66,28.74,28.67
14.159,28.63,28.67,28.63
14.174,28.61,28.63,28.61
14.188,28.7,28.61,28.69
14.203,28.71,28.69,28.71
14.218,28.66,28.71,28.66
14.232,28.65,28.66,28.65
14.247,28.64,28.65,28.64
14.261,28.66,28.64,28.66
14.276,28.74,28.66,28.74
14.29,28.68,28.74,28.69
14.305,28.62,28.7,28.63
14.319,28.62,28.64,28.63
14.334,28.64,28.63,28.64
14.349,28.63,28.64,28.63
14.363,28.68,28.63,28.67
14.378,28.63,28.68,28.63
14.392,28.66,28.63,28.66
14.407,28.7,28.66,28.69
14.421,28.67,28.7,28.67
14.435,28.64,28.67,28.64
14.45,28.61,28.64,28.62
14.464,28.69,28.62,28.68
14.478,28.69,28.68,28.69
14.493,28.7,28.69,28.7
14.507,28.68,28.69,28.68
14.522,28.69,28.68,28.69
14.536,28.64,28.69,28.64
14.55,28.74,28.64,28.73
14.565,28.76,28.73,28.76
14.579,28.71,28.76,28.71
14.593,28.79,28.71,28.78
14.608,28.8,28.79,28.8
14.622,28.56,28.81,28.58
14.636,28.51,28.59,28.52
14.65,28.65,28.52,28.63
14.664,28.71,28.63,28.7
14.679,28.55,28.7,28.56
14.694,28.58,28.56,28.58
14.709,28.72,28.57,28.7
14.723,28.7,28.7,28.7
14.738,28.71,28.7,28.71
14.753,28.71,28.71,28.71
14.767,28.6,28.71,28.61
14.782,28.62,28.62,28.62
14.797,28.72,28.63,28.71
14.811,28.8,28.72,28.79
14.826,29.19,28.8,29.15
14.84,28.74,29.17,28.78
14.855,28.81,28.83,28.81
14.87,28.76,28.87,28.77
14.885,28.74,28.85,28.75
14.899,28.95,28.84,28.94
14.914,29.73,29.08,29.67
14.928,26.16,29.85,26.53
14.942,25.09,26.8,25.26
14.956,27.36,25.53,27.18
14.971,26.91,27.41,26.96
14.985,24.78,27.24,25.03
14.999,25.92,25.34,25.86
15.013,26.77,26.08,26.7
15.027,29.87,26.84,29.57
15.04,31.05,29.46,30.89
15.054,34.93,30.65,34.5
15.069,32.56,34.41,32.75
15.083,24.87,32.92,25.68
15.097,22.71,26.03,23.04
15.112,26.84,23.61,26.52
15.127,30.98,27.06,30.59
15.141,28.81,31.11,29.04
15.155,29.77,29.53,29.75
15.17,29.89,30.07,29.91
15.184,28.52,30.02,28.67
15.198,25.44,28.59,25.76
15.213,25.75,25.64,25.74
15.228,23.91,25.57,24.08
15.243,17.36,24.03,18.03
15.257,18.79,18.52,18.77
15.272,22.62,19.4,22.3
15.287,24.25,23.0,24.13
15.301,26.33,24.68,26.16
15.315,27.98,26.56,27.84
15.33,26.89,27.86,26.99
15.345,23.08,26.86,23.46
15.36,20.15,23.38,20.48
15.375,19.58,20.46,19.67
15.389,18.28,19.85,18.44
15.403,15.12,18.74,15.48
15.418,13.31,16.02,13.58
15.432,16.64,14.19,16.4
15.446,19.1,16.97,18.89
15.46,17.73,19.41,17.9
15.474,16.19,18.34,16.4
15.489,15.91,16.79,16.0
15.503,16.08,16.32,16.1
15.517,16.91,16.42,16.86
15.531,18.34,17.18,18.22
15.545,18.47,18.56,18.48
15.559,18.2,18.86,18.27
15.573,16.82,18.73,17.01
15.588,14.87,17.5,15.13
15.602,13.13,15.52,13.37
15.616,13.78,13.58,13.76
15.63,12.39,13.98,12.55
15.644,13.01,12.74,12.98
15.658,16.64,13.2,16.3
15.672,16.74,16.61,16.73
15.687,13.66,17.16,14.01
15.702,11.75,14.48,12.02
15.716,11.75,12.44,11.82
15.731,12.36,12.26,12.35
15.745,11.04,12.8,11.22
15.76,11.79,11.74,11.78
15.775,12.18,12.33,12.19
15.79,11.94,12.73,12.02
15.804,11.49,12.42,11.58
15.819,10.46,12.0,10.62
15.833,10.42,11.05,10.48
15.848,10.66,10.98,10.69
15.863,11.06,11.22,11.08
15.878,8.1,11.58,8.45
15.892,6.27,8.96,6.54
15.906,5.81,7.11,5.94
15.92,7.43,6.55,7.34
15.935,6.64,7.9,6.76
15.949,3.01,7.49,3.45
15.964,0.97,4.08,1.28
15.978,2.14,1.62,2.09
15.992,3.49,2.32,3.37
16.006,1.9,3.53,2.06
16.021,1.81,2.12,1.84
16.035,4.89,1.85,4.59
16.049,7.47,4.69,7.19
16.063,8.7,7.5,8.58
16.077,8.8,9.27,8.85
16.092,7.39,9.66,7.62
16.106,0.05,8.52,0.9
16.12,-5.13,1.87,-4.43
16.135,-3.27,-3.64,-3.31
16.149,-2.46,-2.94,-2.5
16.163,3.01,-2.3,2.48
16.178,1.75,2.62,1.84
16.192,1.51,2.15,1.58
16.207,-1.96,2.12,-1.55
16.222,-9.02,-0.95,-8.22
16.237,-4.42,-8.13,-4.79
16.252,-1.79,-4.85,-2.09
16.267,-2.21,-2.15,-2.21
16.282,-2.33,-2.26,-2.32
16.297,-2.36,-2.39,-2.36
16.312,-1.91,-2.44,-1.96
16.327,-1.51,-2.06,-1.56
16.342,-3.04,-1.66,-2.9
16.357,-2.0,-3.09,-2.11
16.371,0.03,-2.33,-0.21
16.386,-1.38,-0.32,-1.28
16.401,-0.36,-1.39,-0.46
16.416,0.56,-0.59,0.44
16.431,0.08,0.37,0.1
16.444,-0.63,0.11,-0.56
16.459,-1.14,-0.54,-1.08
16.473,-1.14,-1.07,-1.14
16.488,-1.28,-1.13,-1.26
16.502,-1.01,-1.28,-1.04
16.517,-0.49,-1.06,-0.55
16.532,-0.34,-0.58,-0.37
16.546,-0.37,-0.36,-0.37
16.561,0.09,-0.34,0.05
16.575,-0.05,0.14,-0.03
16.589,-1.75,0.1,-1.57
16.604,-3.01,-1.42,-2.85
16.618,-2.02,-2.75,-2.1
16.632,-1.22,-2.08,-1.31
16.647,-1.3,-1.3,-1.3
16.661,-1.55,-1.29,-1.52
16.676,-1.49,-1.51,-1.49
16.691,-1.54,-1.5,-1.53
16.705,-1.56,-1.54,-1.56
16.72,-1.3,-1.58,-1.33
16.735,-1.46,-1.34,-1.45
16.75,-1.42,-1.47,-1.42
16.765,-1.57,-1.45,-1.56
16.78,-1.22,-1.6,-1.26
16.795,-0.87,-1.3,-0.92
16.81,-1.09,-0.94,-1.08
16.825,-0.98,-1.09,-0.99
16.84,-0.94,-1.0,-0.95
16.855,-1.29,-0.94,-1.25
16.87,-1.09,-1.25,-1.1
16.885,-1.48,-1.1,-1.44
16.9,-0.95,-1.45,-1.0
16.914,-1.13,-1.01,-1.12
16.929,-1.34,-1.11,-1.32
16.944,-1.35,-1.32,-1.35
16.959,-1.22,-1.36,-1.24
16.973,-0.98,-1.25,-1.0
16.988,-0.85,-1.01,-0.87
17.002,-0.96,-0.87,-0.95
17.017,-1.02,-0.94,-1.02
17.031,-0.94,-1.0,-0.94
17.046,-1.22,-0.92,-1.19
17.06,-1.38,-1.16,-1.36
17.075,-1.33,-1.34,-1.33
17.089,-1.24,-1.32,-1.25
17.104,-1.36,-1.23,-1.34
17.118,-1.4,-1.34,-1.39
17.133,-1.26,-1.39,-1.27
17.148,-1.39,-1.27,-1.38
17.162,-1.41,-1.38,-1.4
17.177,-1.35,-1.42,-1.36
17.193,-1.19,-1.38,-1.21
17.207,-0.94,-1.23,-0.97
17.222,-0.85,-0.99,-0.87
17.237,-0.71,-0.87,-0.72
17.252,-1.14,-0.71,-1.1
17.267,-1.42,-1.07,-1.39
17.282,-1.32,-1.37,-1.33
17.297,-1.23,-1.32,-1.24
17.312,-1.15,-1.24,-1.16
17.327,-1.19,-1.15,-1.19
17.342,-1.26,-1.18,-1.25
17.356,-1.27,-1.24,-1.26
17.371,-1.19,-1.26,-1.2
17.386,-1.16,-1.19,-1.16
17.4,-1.25,-1.16,-1.24
17.415,-1.14,-1.23,-1.15
17.429,-1.31,-1.14,-1.3
17.444,-1.24,-1.29,-1.24
17.459,-1.33,-1.23,-1.32
17.473,-1.2,-1.31,-1.21
17.488,-1.25,-1.2,-1.24
17.502,-1.38,-1.23,-1.36
17.517,-1.36,-1.35,-1.36
17.531,-1.39,-1.35,-1.39
17.546,-1.36,-1.38,-1.36
17.56,-1.28,-1.36,-1.29
17.575,-1.4,-1.28,-1.39
17.589,-1.36,-1.39,-1.36
17.604,-1.2,-1.36,-1.21
17.618,-1.38,-1.21,-1.37
17.633,-1.42,-1.36,-1.41
17.647,-1.34,-1.4,-1.34
17.662,-1.46,-1.33,-1.45
17.676,-1.38,-1.44,-1.39
17.691,-1.4,-1.38,-1.39
17.707,-1.33,-1.39,-1.33
17.721,-1.38,-1.33,-1.37
17.736,-1.41,-1.36,-1.41
17.751,-1.36,-1.4,-1.37
17.766,-1.4,-1.37,-1.39
17.781,-1.4,-1.39,-1.4
17.796,-1.47,-1.39,-1.46
17.811,-1.51,-1.46,-1.5
17.826,-1.33,-1.51,-1.35
17.841,-1.26,-1.35,-1.27
17.859,-1.38,-1.27,-1.37
17.874,-1.39,-1.37,-1.39
17.889,-1.39,-1.39,-1.39
17.903,-1.34,-1.39,-1.35
17.918,-1.41,-1.35,-1.41
17.932,-1.35,-1.42,-1.36
17.947,-1.1,-1.37,-1.13
17.964,-1.32,-1.14,-1.3
17.979,-1.19,-1.31,-1.2
17.993,-1.07,-1.21,-1.08
18.007,-1.05,-1.08,-1.05
18.022,-1.25,-1.05,-1.23
18.037,-1.36,-1.21,-1.35
18.051,-1.35,-1.33,-1.35
18.066,-1.47,-1.33,-1.46
18.08,-1.57,-1.45,-1.56
18.094,-1.29,-1.56,-1.32
18.109,-1.36,-1.32,-1.35
18.124,-1.54,-1.35,-1.52
18.138,-1.5,-1.53,-1.5
18.153,-1.47,-1.51,-1.47
18.168,-1.3,-1.5,-1.32
18.186,-1.15,-1.35,-1.17
18.201,-1.54,-1.19,-1.51
18.216,-1.2,-1.53,-1.23
18.23,-0.9,-1.26,-0.94
18.245,-1.16,-0.94,-1.14
18.26,-1.11,-1.13,-1.12
18.275,-1.03,-1.12,-1.04
18.29,-1.14,-1.03,-1.13
18.306,-0.97,-1.12,-0.99
18.32,-1.33,-0.97,-1.3
18.336,-1.45,-1.27,-1.43
18.351,-1.46,-1.41,-1.45
18.366,-1.38,-1.44,-1.39
18.38,-1.42,-1.38,-1.42
18.395,-1.44,-1.42,-1.43
18.41,-1.35,-1.44,-1.36
18.425,-1.25,-1.36,-1.26
18.44,-1.32,-1.27,-1.31
18.454,-1.26,-1.32,-1.27
18.469,-1.33,-1.28,-1.32
18.483,-1.22,-1.34,-1.23
18.498,-1.06,-1.24,-1.08
18.512,-1.12,-1.08,-1.12
18.527,-1.06,-1.12,-1.07
18.541,-0.91,-1.06,-0.93
18.556,-1.39,-0.92,-1.34
18.571,-1.46,-1.33,-1.45
18.585,-1.07,-1.45,-1.1
18.6,-1.13,-1.11,-1.13
18.614,-1.13,-1.13,-1.13
18.628,-1.11,-1.12,-1.11
18.643,-1.19,-1.1,-1.18
18.658,-1.2,-1.17,-1.2
18.672,-1.39,-1.19,-1.37
18.687,-1.39,-1.36,-1.39
18.702,-1.3,-1.39,-1.31
18.717,-1.32,-1.31,-1.32
18.731,-1.24,-1.33,-1.25
18.746,-1.2,-1.26,-1.2
18.761,-1.29,-1.2,-1.28
18.776,-1.07,-1.28,-1.09
18.791,-1.12,-1.09,-1.12
18.806,-1.12,-1.12,-1.12
18.82,-1.16,-1.12,-1.16
18.835,-1.27,-1.16,-1.26
18.85,-1.34,-1.26,-1.33
18.865,-1.21,-1.33,-1.22
18.88,-1.52,-1.22,-1.49
18.895,-1.16,-1.51,-1.19
18.91,-0.96,-1.21,-0.98
18.925,-0.97,-1.0,-0.97
18.939,-1.02,-0.98,-1.01
18.953,-1.03,-1.02,-1.03
18.968,-1.13,-1.03,-1.12
18.982,-1.16,-1.11,-1.16
18.997,-1.14,-1.15,-1.14
19.012,-1.16,-1.13,-1.16
19.026,-1.28,-1.15,-1.27
19.04,-1.26,-1.25,-1.26
19.055,-1.04,-1.26,-1.06
19.069,-1.26,-1.06,-1.24
19.084,-1.22,-1.24,-1.22
19.099,-1.02,-1.22,-1.04
19.114,-1.0,-1.04,-1.01
19.129,-1.23,-1.0,-1.21
19.143,-1.16,-1.2,-1.16
19.158,-1.08,-1.16,-1.09
19.172,-1.19,-1.08,-1.18
19.187,-1.16,-1.17,-1.16
19.202,-1.36,-1.15,-1.34
19.217,-1.17,-1.34,-1.19
19.233,-1.02,-1.2,-1.04
19.248,-1.16,-1.04,-1.15
19.263,-1.09,-1.15,-1.09
19.278,-1.22,-1.09,-1.21
19.293,-1.17,-1.2,-1.17
19.308,-1.2,-1.16,-1.19
19.323,-1.27,-1.18,-1.26
19.338,-1.27,-1.25,-1.26
19.353,-1.36,-1.26,-1.35
19.367,-1.2,-1.34,-1.21
19.382,-1.18,-1.21,-1.19
19.397,-1.22,-1.18,-1.21
19.412,-1.18,-1.2,-1.18
19.427,-1.32,-1.18,-1.31
19.441,-1.22,-1.3,-1.23
19.456,-1.3,-1.22,-1.29
19.47,-1.32,-1.28,-1.31
19.484,-1.34,-1.31,-1.34
19.5,-1.3,-1.34,-1.3
19.515,-1.26,-1.31,-1.26
19.529,-1.38,-1.27,-1.37
19.544,-1.2,-1.37,-1.21
19.558,-1.21,-1.21,-1.21
19.573,-1.23,-1.21,-1.22
19.588,-1.28,-1.23,-1.27
19.603,-1.24,-1.28,-1.25
19.617,-1.15,-1.25,-1.16
19.632,-1.14,-1.15,-1.14
19.647,-1.37,-1.13,-1.35
19.661,-1.43,-1.34,-1.42
19.676,-1.28,-1.41,-1.29
19.69,-1.27,-1.29,-1.27
19.705,-1.35,-1.27,-1.35
19.721,-1.4,-1.35,-1.4
19.736,-1.24,-1.4,-1.25
19.75,-1.22,-1.26,-1.22
19.765,-0.97,-1.23,-1.0
19.78,-1.01,-1.0,-1.01
19.795,-1.13,-1.0,-1.12
19.809,-1.22,-1.1,-1.21
19.825,-1.41,-1.19,-1.39
19.84,-1.4,-1.38,-1.4
19.855,-1.3,-1.4,-1.31
19.87,-1.18,-1.3,-1.19
19.885,-1.21,-1.19,-1.21
19.9,-1.37,-1.21,-1.35
19.915,-1.34,-1.35,-1.34
19.93,-1.38,-1.35,-1.37
19.944,-1.35,-1.38,-1.35
19.959,-1.25,-1.36,-1.26
19.973,-1.08,-1.27,-1.1
19.988,-1.16,-1.1,-1.16
20.003,-1.22,-1.15,-1.22
20.017,-1.35,-1.21,-1.34
20.032,-1.34,-1.34,-1.34
20.046,-1.18,-1.35,-1.2
20.06,-0.99,-1.21,-1.01
20.075,-1.06,-1.01,-1.06
20.089,-1.32,-1.06,-1.3
20.104,-1.31,-1.3,-1.31
20.118,-1.22,-1.31,-1.23
20.133,-1.23,-1.24,-1.23
20.15,-0.96,-1.24,-0.99
20.164,-1.06,-0.99,-1.05
20.179,-1.25,-1.05,-1.23
20.193,-1.32,-1.23,-1.31
20.208,-1.25,-1.31,-1.25
20.223,-1.11,-1.27,-1.12
20.238,-0.87,-1.14,-0.89
20.252,-0.89,-0.9,-0.89
20.267,-1.13,-0.89,-1.11
20.282,-1.08,-1.1,-1.08
20.297,-1.06,-1.08,-1.06
20.312,-1.09,-1.05,-1.08
20.327,-1.02,-1.07,-1.03
20.342,-1.06,-1.02,-1.05
20.356,-1.13,-1.04,-1.12
20.371,-1.1,-1.11,-1.1
20.389,-1.21,-1.08,-1.2
20.404,-1.36,-1.18,-1.34
20.419,-1.47,-1.33,-1.46
20.433,-1.46,-1.46,-1.46
20.448,-0.98,-1.48,-1.03
20.462,-0.88,-1.05,-0.9
20.477,-1.02,-0.91,-1.01
20.491,-1.09,-1.01,-1.08
20.506,-1.05,-1.08,-1.06
20.52,-0.98,-1.06,-0.99
20.535,-1.01,-0.99,-1.01
20.549,-0.93,-1.0,-0.94
20.564,-1.14,-0.93,-1.12
20.578,-1.23,-1.1,-1.21
20.593,-1.27,-1.2,-1.26
20.609,-1.22,-1.25,-1.22
20.623,-1.17,-1.21,-1.17
20.638,-1.2,-1.17,-1.2
20.653,-1.22,-1.19,-1.21
20.667,-1.24,-1.2,-1.23
20.682,-1.27,-1.22,-1.27
20.696,-1.29,-1.26,-1.28
20.711,-1.4,-1.28,-1.39
20.726,-1.4,-1.4,-1.4
20.741,-1.27,-1.41,-1.28
20.756,-1.15,-1.3,-1.17
20.771,-1.24,-1.2,-1.23
20.786,-1.19,-1.27,-1.2
20.8,-1.03,-1.24,-1.05
20.816,-0.69,-1.09,-0.73
20.83,-0.87,-0.77,-0.86
20.845,-1.27,-0.87,-1.23
20.86,-0.1,-1.25,-0.21
20.875,0.68,-0.21,0.59
20.89,-0.98,0.63,-0.82
20.905,-2.41,-0.7,-2.24
20.92,0.68,-2.15,0.4
20.934,1.67,0.5,1.56
20.949,-1.34,1.74,-1.04
20.963,-3.43,-0.8,-3.17
20.977,-6.72,-3.1,-6.36
20.992,-7.09,-6.74,-7.05
21.006,-3.77,-7.61,-4.15
21.02,-0.24,-4.75,-0.69
21.035,-2.79,-0.88,-2.59
21.049,-3.27,-2.7,-3.21
21.064,-3.01,-3.28,-3.04
21.08,-0.66,-3.03,-0.9
21.094,-0.61,-0.73,-0.63
21.109,2.51,-0.44,2.22
21.123,4.34,2.29,4.14
21.138,2.56,4.2,2.73
21.152,1.56,2.78,1.69
21.166,2.33,1.72,2.27
21.18,1.17,2.26,1.28
21.194,-0.3,1.25,-0.14
21.209,-1.86,-0.16,-1.69
21.224,-0.64,-1.69,-0.74
21.239,-1.85,-0.72,-1.74
21.255,-1.04,-1.74,-1.11
21.27,-0.28,-1.19,-0.37
21.285,-0.54,-0.47,-0.53
21.3,-0.91,-0.64,-0.89
21.315,0.01,-0.99,-0.09
21.33,0.94,-0.15,0.83
21.345,0.42,0.78,0.46
21.359,-0.58,0.39,-0.48
21.374,-2.98,-0.56,-2.74
21.39,-2.65,-2.86,-2.67
21.405,-0.71,-2.81,-0.92
21.42,-2.04,-0.97,-1.93
21.434,0.13,-1.87,-0.07
21.449,3.67,0.16,3.32
21.464,3.1,3.55,3.14
21.478,1.11,3.18,1.31
21.492,-0.1,1.23,0.04
21.506,-0.36,-0.14,-0.33
21.521,0.17,-0.5,0.1
21.535,0.87,-0.06,0.78
21.55,0.03,0.67,0.09
21.564,-0.55,-0.03,-0.5
21.578,-1.11,-0.61,-1.06
21.593,-1.29,-1.09,-1.27
21.607,2.73,-1.11,2.35
21.622,9.76,2.59,9.04
21.636,12.2,9.41,11.92
21.65,3.57,12.35,4.45
21.664,-4.6,5.03,-3.64
21.678,-10.01,-3.17,-9.32
21.693,-9.88,-9.05,-9.8
21.708,-4.76,-9.8,-5.26
21.722,-1.05,-5.39,-1.48
21.737,-4.86,-1.98,-4.57
21.752,-14.99,-4.97,-13.98
21.767,-17.28,-13.92,-16.95
21.782,-5.05,-16.84,-6.23
21.796,1.2,-6.24,0.46
21.811,7.58,0.3,6.85
21.825,6.49,6.45,6.49
21.839,-1.31,5.97,-0.58
21.854,-1.96,-1.84,-1.95
21.869,4.56,-3.6,3.75
21.884,5.37,2.07,5.04
21.898,8.55,3.65,8.06
21.913,12.55,6.85,11.98
21.927,13.11,10.93,12.89
21.942,12.09,12.02,12.08
21.956,11.15,11.35,11.17
21.97,10.36,10.47,10.37
21.984,9.49,9.67,9.51
21.999,7.56,8.89,7.69
22.013,8.49,6.98,8.34
22.027,13.48,7.52,12.89
22.041,16.96,11.95,16.46
22.055,20.66,15.57,20.15
22.069,18.41,19.58,18.53
22.084,16.08,18.16,16.28
22.098,17.43,15.96,17.28
22.112,18.45,16.82,18.29
22.13,19.84,17.53,19.61
22.144,19.79,19.06,19.72
22.158,19.51,19.27,19.49
22.172,17.46,19.37,17.65
22.186,14.91,17.62,15.18
22.2,17.73,14.88,17.45
22.215,20.11,16.98,19.8
22.229,17.29,19.23,17.48
22.243,16.28,16.89,16.34
22.258,19.13,15.89,18.81
22.273,24.1,18.38,23.52
22.287,24.21,23.1,24.09
22.301,23.4,23.6,23.42
22.316,15.62,22.97,16.36
22.331,7.83,16.59,8.71
22.345,1.0,9.47,1.85
22.359,16.06,2.83,14.73
22.374,44.87,14.62,41.84
22.389,26.97,40.68,28.35
22.404,1.74,27.5,4.31
22.418,7.29,3.86,6.94
22.432,25.4,6.64,23.52
22.446,30.89,23.52,30.15
22.46,30.73,30.12,30.67
22.474,40.85,30.28,39.79
22.489,37.66,38.63,37.76
22.503,15.78,36.86,17.89
22.518,19.67,17.45,19.45
22.532,31.59,19.09,30.34
22.546,32.19,30.26,32.0
22.56,29.89,32.04,30.11
22.574,26.34,30.23,26.73
22.589,24.61,26.84,24.83
22.603,28.57,24.88,28.2
22.617,33.25,28.18,32.74
22.631,35.01,32.67,34.77
22.645,32.37,34.49,32.58
22.659,29.15,32.12,29.45
22.673,21.62,29.21,22.38
22.688,16.96,22.41,17.5
22.702,20.87,17.69,20.55
22.716,21.83,20.7,21.72
22.731,24.52,21.77,24.25
22.745,25.83,24.25,25.67
22.759,25.61,25.66,25.61
22.774,24.69,25.57,24.78
22.789,23.17,24.71,23.32
22.803,27.5,23.02,27.05
22.818,31.6,26.6,31.1
22.832,28.57,30.96,28.81
22.847,25.91,28.79,26.2
22.862,27.58,26.06,27.43
22.877,29.86,27.24,29.6
22.891,30.96,29.47,30.81
22.906,27.6,30.77,27.92
22.921,26.81,27.95,26.93
22.936,28.85,26.9,28.65
22.95,28.81,28.58,28.78
22.964,28.03,28.72,28.1
22.979,28.9,28.05,28.82
22.993,29.17,28.76,29.13
23.007,28.81,29.1,28.84
23.021,28.72,28.85,28.73
23.036,28.64,28.75,28.65
23.05,28.6,28.67,28.61
23.064,28.39,28.64,28.42
23.079,28.42,28.43,28.42
23.093,28.48,28.43,28.47
23.107,28.35,28.48,28.36
23.121,28.42,28.36,28.42
23.136,28.55,28.41,28.54
23.15,28.53,28.53,28.53
23.164,28.42,28.52,28.43
23.179,28.56,28.42,28.55
23.193,28.63,28.53,28.62
23.207,28.73,28.61,28.72
23.222,28.69,28.71,28.69
23.237,28.69,28.69,28.69
23.252,28.64,28.69,28.65
23.266,28.56,28.65,28.57
23.281,28.61,28.56,28.6
23.296,28.65,28.6,28.65
23.31,28.56,28.65,28.57
23.325,28.64,28.57,28.63
23.34,28.64,28.63,28.64
23.354,28.6,28.64,28.61
23.369,28.71,28.62,28.7
23.384,28.61,28.71,28.62
23.398,28.39,28.62,28.42
23.413,28.47,28.42,28.47
23.427,28.51,28.46,28.5
23.442,28.66,28.5,28.64
23.456,28.68,28.64,28.68
23.471,28.7,28.68,28.69
23.485,28.62,28.7,28.63
23.499,28.56,28.64,28.57
23.514,28.56,28.57,28.57
23.528,28.63,28.57,28.63
23.542,28.64,28.63,28.64
23.557,28.59,28.64,28.59
23.571,28.54,28.6,28.55
23.585,28.55,28.55,28.55
23.599,28.55,28.56,28.55
23.614,28.54,28.56,28.55
23.628,28.53,28.55,28.53
23.642,28.47,28.53,28.47
23.656,28.51,28.48,28.5
23.67,28.54,28.5,28.54
23.685,28.49,28.54,28.5
23.699,28.62,28.5,28.61
23.714,28.59,28.62,28.59
23.728,28.52,28.6,28.52
23.743,28.5,28.53,28.5
23.757,28.57,28.5,28.56
23.772,28.6,28.56,28.59
23.787,28.53,28.59,28.54
23.801,28.53,28.53,28.53
23.816,28.56,28.52,28.55
23.831,28.72,28.54,28.7
23.846,28.67,28.69,28.67
23.861,28.65,28.67,28.65
23.876,28.7,28.65,28.69
23.89,28.61,28.7,28.62
23.905,28.59,28.63,28.59
23.92,28.58,28.6,28.58
23.935,28.57,28.59,28.57
23.949,28.55,28.59,28.56
23.964,28.5,28.56,28.51
23.978,28.53,28.51,28.53
23.992,28.53,28.53,28.53
24.006,28.56,28.53,28.56
24.02,28.56,28.55,28.56
24.035,28.57,28.55,28.57
24.049,28.52,28.57,28.52
24.064,28.66,28.52,28.65
24.078,28.74,28.64,28.73
24.092,28.72,28.72,28.72
24.106,28.64,28.72,28.65
24.12,28.67,28.65,28.67
24.134,28.68,28.67,28.68
24.149,28.57,28.68,28.58
24.163,28.64,28.58,28.63
24.178,28.66,28.63,28.66
24.192,28.64,28.66,28.64
24.207,28.61,28.64,28.61
24.221,28.7,28.62,28.69
24.236,28.63,28.7,28.64
24.251,28.53,28.65,28.54
24.266,28.5,28.55,28.51
24.28,28.61,28.51,28.6
24.294,28.68,28.6,28.67
24.309,28.67,28.67,28.67
24.324,28.61,28.67,28.62
24.339,28.58,28.62,28.58
24.353,28.59,28.59,28.59
24.368,28.54,28.59,28.54
24.382,28.56,28.55,28.56
24.396,28.56,28.56,28.56
24.411,28.62,28.56,28.61
24.425,28.65,28.61,28.65
24.44,28.56,28.65,28.57
24.454,28.57,28.57,28.57
24.469,28.64,28.58,28.63
24.483,28.69,28.63,28.68
24.497,28.67,28.69,28.67
24.512,28.57,28.67,28.58
24.526,28.56,28.59,28.56
24.54,28.57,28.56,28.57
24.554,28.58,28.58,28.58
24.569,28.55,28.58,28.55
24.583,28.61,28.55,28.6
24.598,28.52,28.6,28.53
24.612,28.53,28.53,28.53
24.626,28.52,28.52,28.52
24.64,28.7,28.51,28.68
24.655,28.78,28.68,28.77
24.669,28.66,28.77,28.67
24.683,28.67,28.67,28.67
24.698,28.69,28.67,28.69
24.712,28.66,28.69,28.67
24.726,28.62,28.67,28.63
24.741,28.64,28.63,28.64
24.755,28.66,28.65,28.65
24.77,28.65,28.66,28.65
24.784,28.62,28.65,28.62
24.799,28.55,28.63,28.56
24.813,28.52,28.57,28.53
24.828,28.57,28.54,28.57
24.842,28.6,28.58,28.59
24.857,28.56,28.6,28.56
24.872,28.52,28.56,28.52
24.886,28.53,28.52,28.53
24.9,28.57,28.53,28.56
24.915,28.56,28.56,28.56
24.93,28.55,28.56,28.55
24.945,28.47,28.55,28.48
24.959,28.49,28.47,28.48
24.974,28.61,28.48,28.6
24.988,28.67,28.6,28.66
25.002,28.64,28.66,28.64
25.017,28.53,28.65,28.54
25.031,28.49,28.55,28.5
25.047,28.51,28.5,28.51
25.061,28.54,28.51,28.54
25.075,28.68,28.54,28.66
25.089,28.7,28.66,28.69
25.103,28.57,28.69,28.58
25.118,28.57,28.58,28.57
25.132,28.61,28.57,28.6
25.147,28.56,28.6,28.57
25.161,28.58,28.57,28.58
25.176,28.66,28.58,28.65
25.19,28.7,28.66,28.69
25.204,28.69,28.69,28.69
25.218,28.7,28.69,28.7
25.233,28.65,28.71,28.65
25.248,28.62,28.66,28.63
25.262,28.53,28.64,28.54
25.277,28.57,28.55,28.57
25.291,28.52,28.57,28.52
25.306,28.52,28.52,28.52
25.32,28.52,28.52,28.52
25.335,28.63,28.51,28.62
25.35,28.66,28.6,28.66
25.365,28.68,28.64,28.67
25.379,28.71,28.67,28.7
25.394,28.74,28.7,28.73
25.408,28.72,28.74,28.72
25.423,28.69,28.73,28.69
25.437,28.64,28.7,28.64
25.452,28.64,28.65,28.64
25.467,28.6,28.65,28.6
25.481,28.54,28.61,28.54
25.495,28.52,28.55,28.52
25.509,28.62,28.52,28.61
25.524,28.6,28.61,28.6
25.538,28.62,28.6,28.62
25.553,28.6,28.61,28.6
25.567,28.67,28.6,28.67
25.581,28.69,28.66,28.69
25.595,28.67,28.69,28.67
25.609,28.62,28.67,28.63
25.624,28.62,28.63,28.62
25.638,28.61,28.63,28.61
25.652,28.63,28.62,28.63
25.667,28.56,28.63,28.57
25.681,28.51,28.57,28.52
25.695,28.61,28.52,28.6
25.709,28.62,28.6,28.62
25.723,28.66,28.62,28.65
25.738,28.74,28.65,28.73
25.753,28.69,28.73,28.7
25.768,28.61,28.7,28.62
25.782,28.61,28.63,28.61
25.796,28.61,28.62,28.61
25.811,28.61,28.62,28.61
25.826,28.67,28.61,28.67
25.841,28.65,28.67,28.65
25.856,28.63,28.65,28.63
25.87,28.66,28.63,28.65
25.885,28.59,28.66,28.59
25.899,28.58,28.6,28.58
25.914,28.65,28.59,28.65
25.929,28.64,28.66,28.64
25.943,28.42,28.65,28.45
25.958,28.41,28.45,28.42
25.973,28.58,28.42,28.57
25.987,28.62,28.56,28.61
26.001,28.63,28.61,28.63
26.015,28.61,28.62,28.61
26.03,28.63,28.61,28.63
26.044,28.57,28.63,28.58
26.058,28.61,28.58,28.6
26.072,28.83,28.61,28.81
26.087,28.81,28.82,28.81
26.101,28.19,28.83,28.25
26.115,28.46,28.26,28.44
26.129,28.62,28.43,28.6
26.143,28.61,28.59,28.6
26.158,28.52,28.59,28.53
26.172,28.94,28.52,28.9
26.186,28.85,28.89,28.85
26.201,28.57,28.86,28.6
26.215,28.57,28.61,28.57
26.229,28.99,28.58,28.95
26.244,29.26,28.97,29.23
26.259,28.4,29.28,28.49
26.273,27.99,28.55,28.05
26.288,28.28,28.1,28.27
26.302,28.86,28.28,28.8
26.317,30.07,28.84,29.95
26.331,32.88,30.17,32.61
26.346,29.76,33.01,30.08
26.36,21.97,30.69,22.84
26.375,18.83,23.4,19.29
26.39,26.98,19.55,26.23
26.404,29.15,26.23,28.86
26.419,27.79,28.9,27.9
26.433,26.43,28.0,26.59
26.448,25.1,26.67,25.26
26.462,25.39,25.27,25.38
26.477,26.49,25.37,26.37
26.491,26.82,26.38,26.77
26.505,26.37,26.8,26.41
26.519,26.33,26.41,26.34
26.534,26.12,26.31,26.14
26.548,23.99,26.1,24.2
26.562,22.38,24.16,22.55
26.576,26.01,22.48,25.66
26.59,31.44,25.42,30.84
26.604,54.78,30.48,52.35
26.618,43.63,51.79,44.45
26.633,25.39,44.13,27.26
26.647,19.54,27.2,20.31
26.661,22.3,20.74,22.15
26.675,26.08,22.68,25.74
26.689,25.44,26.17,25.51
26.703,33.04,25.74,32.31
26.717,36.14,32.18,35.74
26.731,35.25,35.6,35.29
26.745,30.25,35.17,30.74
26.76,27.36,30.68,27.69
26.774,25.62,27.73,25.83
26.789,25.5,26.06,25.55
26.803,28.92,25.94,28.62
26.818,29.99,29.04,29.9
26.833,26.79,30.38,27.15
26.848,23.95,27.74,24.33
26.862,16.05,24.91,16.94
26.876,15.38,17.49,15.59
26.891,15.25,16.03,15.33
26.906,18.08,15.98,17.87
26.92,21.57,18.65,21.27
26.935,22.6,22.13,22.55
26.949,20.08,23.48,20.42
26.964,17.37,21.25,17.76
26.978,17.54,18.46,17.63
26.992,18.22,18.22,18.22
27.007,18.2,18.83,18.26
27.021,15.08,18.92,15.47
27.034,15.38,16.13,15.46
27.049,15.99,16.07,16.0
27.063,13.16,16.57,13.5
27.078,10.66,13.98,10.99
27.091,15.22,11.38,14.84
27.105,14.19,15.2,14.29
27.12,11.11,14.68,11.46
27.134,12.59,11.76,12.51
27.148,13.46,12.76,13.39
27.163,13.07,13.64,13.13
27.177,13.39,13.35,13.38
27.191,12.99,13.64,13.05
27.206,14.43,13.32,14.32
27.22,15.63,14.58,15.52
27.234,12.2,15.75,12.55
27.249,9.04,12.83,9.42
27.263,11.11,9.9,10.99
27.277,8.59,11.58,8.89
27.291,5.54,9.5,5.93
27.306,5.74,6.33,5.8
27.32,7.41,5.83,7.25
27.334,8.61,7.14,8.46
27.349,10.16,8.3,9.98
27.363,9.76,9.98,9.78
27.378,7.62,9.84,7.84
27.392,7.66,7.78,7.67
27.406,10.17,7.56,9.91
27.42,12.46,9.76,12.19
27.435,15.19,12.08,14.88
27.45,12.74,15.03,12.97
27.465,5.14,13.17,5.94
27.48,4.51,6.0,4.66
27.494,5.2,4.66,5.15
27.508,8.55,5.12,8.2
27.522,9.03,8.12,8.94
27.535,9.88,8.81,9.77
27.549,13.26,9.51,12.89
27.563,14.71,12.64,14.5
27.577,14.03,14.53,14.08
27.592,13.9,14.23,13.93
27.606,11.85,14.18,12.08
27.62,9.09,12.44,9.42
27.635,5.78,9.71,6.17
27.65,6.7,6.08,6.64
27.664,9.33,6.38,9.03
27.678,7.37,8.67,7.5
27.692,8.3,7.16,8.18
27.706,10.27,7.96,10.04
27.72,10.54,9.85,10.47
27.734,12.48,10.21,12.25
27.748,14.74,11.7,14.44
27.762,15.15,13.83,15.02
27.777,16.06,14.66,15.92
27.791,14.62,15.68,14.73
27.806,10.9,14.77,11.29
27.82,10.52,11.37,10.6
27.835,14.22,10.71,13.87
27.85,16.04,14.09,15.85
27.864,10.63,16.35,11.21
27.882,5.51,11.88,6.15
27.896,9.25,6.76,9.01
27.911,16.51,9.71,15.83
27.925,14.57,16.58,14.77
27.94,5.79,15.45,6.76
27.953,2.13,7.23,2.64
27.968,0.68,2.92,0.9
27.982,1.48,0.93,1.43
27.996,0.95,1.03,0.96
28.01,9.76,0.38,8.82
28.024,16.5,7.92,15.64
28.038,17.15,14.91,16.93
28.053,13.59,16.84,13.91
28.066,10.79,14.07,11.11
28.08,10.52,11.38,10.61
28.095,10.39,10.82,10.43
28.109,8.46,10.54,8.67
28.124,6.21,8.53,6.44
28.138,0.22,6.12,0.81
28.152,-0.89,-0.07,-0.81
28.166,3.52,-1.94,2.97
28.18,15.15,1.72,13.81
28.194,13.37,12.79,13.31
28.208,22.33,12.23,21.32
28.222,26.16,20.13,25.55
28.237,34.44,24.5,33.44
28.251,36.08,32.53,35.73
28.266,12.25,35.0,14.52
28.281,-0.04,14.44,1.41
28.295,13.56,1.27,12.33
28.31,19.26,11.72,18.51
28.324,19.69,17.95,19.52
28.338,26.12,19.12,25.42
28.353,25.07,25.33,25.1
28.368,19.27,25.14,19.85
28.382,17.67,20.14,17.92
28.396,23.04,18.42,22.58
28.41,27.55,23.34,27.13
28.424,27.24,27.85,27.3
28.439,22.21,27.91,22.78
28.454,17.21,23.37,17.83
28.468,16.67,18.03,16.81
28.483,19.59,16.86,19.32
28.497,17.67,19.99,17.9
28.511,17.6,19.06,17.74
28.525,20.54,19.01,20.39
28.539,18.48,21.56,18.79
28.553,9.54,19.78,10.56
28.567,2.76,11.54,3.64
28.582,0.97,4.63,1.34
28.596,8.38,2.2,7.76
28.61,6.72,8.56,6.9
28.624,1.03,7.7,1.7
28.638,5.55,2.3,5.22
28.652,6.25,5.76,6.2
28.666,6.25,6.68,6.29
28.681,5.28,6.79,5.43
28.695,16.25,6.64,15.29
28.709,22.11,17.23,21.62
28.723,-7.41,23.87,-4.28
28.737,-51.19,-2.56,-46.33
28.751,-58.68,-45.35,-57.35
28.766,-6.31,-57.3,-11.41
28.781,1.9,-11.43,0.57
28.795,1.73,0.61,1.62
28.809,7.49,1.73,6.91
28.824,-0.22,7.39,0.54
28.839,-9.24,1.16,-8.2
28.854,-6.35,-8.08,-6.52
28.869,-2.21,-6.56,-2.64
28.883,-1.91,-2.69,-1.99
28.898,-2.44,-2.02,-2.39
28.913,-2.55,-2.45,-2.54
28.928,-2.85,-2.61,-2.82
28.943,-2.27,-2.95,-2.34
28.958,-3.38,-2.47,-3.29
28.973,-4.25,-3.5,-4.18
28.987,-1.05,-4.47,-1.4
29.001,1.85,-1.71,1.49
29.016,3.67,1.23,3.42
29.03,0.26,3.27,0.56
29.044,-0.61,0.59,-0.49
29.058,0.05,-0.44,0.0
29.073,-2.8,0.07,-2.51
29.087,-2.08,-2.48,-2.12
29.103,3.22,-2.29,2.67
29.117,-0.01,2.59,0.25
29.132,-3.59,0.33,-3.2
29.146,-0.21,-3.19,-0.51
29.161,0.8,-0.58,0.66
29.175,1.49,0.62,1.4
29.19,-0.27,1.44,-0.1
29.204,-2.15,-0.05,-1.94
29.218,-0.47,-1.92,-0.61
29.233,-0.75,-0.62,-0.74
29.248,-0.72,-0.74,-0.72
29.263,-0.7,-0.71,-0.7
29.277,-0.89,-0.7,-0.87
29.292,-0.66,-0.87,-0.68
29.307,-0.78,-0.68,-0.77
29.321,-0.47,-0.77,-0.5
29.336,-0.69,-0.5,-0.67
29.351,-0.61,-0.67,-0.61
29.366,-0.56,-0.61,-0.57
29.38,-0.65,-0.57,-0.64
29.396,-0.55,-0.64,-0.56
29.41,-0.66,-0.56,-0.65
29.425,-0.64,-0.65,-0.64
29.44,-0.72,-0.64,-0.71
29.455,-0.65,-0.71,-0.66
29.47,-0.63,-0.66,-0.63
29.485,-0.7,-0.63,-0.7
29.5,-0.59,-0.69,-0.6
29.515,-0.61,-0.6,-0.61
29.529,-0.55,-0.6,-0.56
29.544,-0.56,-0.55,-0.56
29.558,-0.59,-0.56,-0.58
29.573,-0.59,-0.58,-0.59
29.587,-0.61,-0.59,-0.61
29.602,-0.52,-0.61,-0.53
29.616,-0.6,-0.53,-0.59
29.631,-0.61,-0.59,-0.6
29.646,-0.58,-0.6,-0.59
29.66,-0.63,-0.58,-0.62
29.675,-0.59,-0.62,-0.6
29.689,-0.59,-0.59,-0.59
29.704,-0.6,-0.59,-0.6
29.718,-0.6,-0.6,-0.6
29.733,-0.61,-0.6,-0.6
29.747,-0.6,-0.6,-0.6
29.762,-0.6,-0.6,-0.6
29.776,-0.6,-0.6,-0.6
29.791,-0.61,-0.6,-0.61
29.806,-0.62,-0.61,-0.62
29.82,-0.67,-0.62,-0.66
29.835,-0.63,-0.66,-0.63
29.85,-0.6,-0.63,-0.6
29.865,-0.58,-0.6,-0.59
29.88,-0.54,-0.58,-0.55
29.895,-0.54,-0.55,-0.54
29.91,-0.59,-0.54,-0.59
29.925,-0.6,-0.58,-0.6
29.94,-0.65,-0.59,-0.64
29.955,-0.62,-0.64,-0.62
29.97,-0.59,-0.62,-0.59
29.984,-0.62,-0.59,-0.62
29.999,-0.64,-0.61,-0.64
