Time (s),Accel Roll (deg),Accel Pitch (deg),Gyro Roll (deg),Gyro Pitch (deg),Filtered Roll (deg),Filtered Pitch (deg)
0.002,-1.03,-0.79,-0.79
0.016,-1.0,-0.79,-0.79
0.031,-0.96,-0.79,-0.79
0.045,-0.98,-0.79,-0.79
0.06,-1.05,-0.79,-0.8
0.074,-1.03,-0.79,-0.8
0.089,-0.99,-0.79,-0.8
0.103,-1.03,-0.79,-0.8
0.118,-1.0,-0.8,-0.8
0.132,-0.96,-0.8,-0.8
0.147,-1.0,-0.8,-0.8
0.161,-1.02,-0.8,-0.8
0.176,-1.0,-0.8,-0.8
0.19,-0.96,-0.8,-0.8
0.204,-0.93,-0.8,-0.8
0.219,-0.94,-0.79,-0.8
0.233,-0.96,-0.79,-0.79
0.248,-1.03,-0.79,-0.79
0.262,-1.01,-0.79,-0.79
0.277,-0.98,-0.79,-0.79
0.291,-0.99,-0.79,-0.79
0.305,-1.01,-0.79,-0.79
0.32,-1.01,-0.79,-0.79
0.334,-0.96,-0.79,-0.79
0.349,-0.9,-0.79,-0.79
0.363,-0.92,-0.79,-0.79
0.377,-0.94,-0.79,-0.79
0.392,-1.0,-0.79,-0.79
0.406,-0.99,-0.79,-0.79
0.421,-0.99,-0.79,-0.79
0.435,-0.96,-0.79,-0.79
0.45,-0.97,-0.79,-0.79
0.464,-0.99,-0.79,-0.79
0.479,-0.97,-0.79,-0.79
0.493,-1.01,-0.79,-0.79
0.508,-1.03,-0.79,-0.79
0.522,-1.02,-0.79,-0.79
0.537,-1.0,-0.79,-0.79
0.551,-1.0,-0.79,-0.79
0.565,-1.06,-0.79,-0.79
0.58,-1.07,-0.79,-0.79
0.594,-0.94,-0.79,-0.79
0.609,-0.93,-0.79,-0.79
0.623,-1.04,-0.79,-0.79
0.638,-1.07,-0.79,-0.79
0.653,-1.03,-0.79,-0.8
0.667,-0.99,-0.79,-0.8
0.681,-1.01,-0.79,-0.79
0.696,-1.01,-0.79,-0.79
0.71,-0.98,-0.79,-0.79
0.724,-1.01,-0.79,-0.79
0.738,-1.0,-0.79,-0.79
0.761,-0.97,-0.79,-0.79
0.775,-0.95,-0.79,-0.79
0.789,-0.96,-0.79,-0.79
0.804,-0.92,-0.79,-0.79
0.818,-0.95,-0.79,-0.79
0.832,-0.94,-0.79,-0.79
0.847,-0.98,-0.79,-0.79
0.861,-0.96,-0.79,-0.79
0.875,-0.94,-0.79,-0.79
0.89,-0.92,-0.79,-0.79
0.904,-0.99,-0.79,-0.79
0.919,-1.05,-0.79,-0.79
0.934,-1.02,-0.79,-0.79
0.948,-0.91,-0.79,-0.79
0.963,-0.88,-0.79,-0.79
0.977,-0.96,-0.79,-0.79
0.992,-1.03,-0.79,-0.79
1.006,-0.99,-0.79,-0.79
1.021,-0.96,-0.79,-0.79
1.035,-0.94,-0.79,-0.79
1.05,-0.91,-0.79,-0.79
1.064,-0.91,-0.79,-0.79
1.079,-1.0,-0.79,-0.79
1.093,-1.03,-0.79,-0.79
1.107,-0.96,-0.79,-0.79
1.122,-1.0,-0.79,-0.79
1.137,-0.99,-0.79,-0.79
1.151,-0.97,-0.79,-0.79
1.166,-0.98,-0.79,-0.79
1.18,-1.0,-0.79,-0.79
1.195,-0.98,-0.79,-0.79
1.209,-0.94,-0.79,-0.79
1.224,-1.01,-0.79,-0.79
1.238,-1.01,-0.79,-0.79
1.253,-0.96,-0.79,-0.79
1.267,-1.01,-0.79,-0.79
1.281,-1.04,-0.79,-0.79
1.296,-0.96,-0.79,-0.79
1.311,-0.91,-0.79,-0.79
1.325,-0.97,-0.79,-0.79
1.339,-1.0,-0.79,-0.79
1.354,-1.03,-0.79,-0.79
1.368,-1.01,-0.79,-0.79
1.383,-0.99,-0.79,-0.79
1.397,-0.96,-0.79,-0.79
1.412,-0.97,-0.79,-0.79
1.426,-0.96,-0.79,-0.79
1.441,-1.03,-0.79,-0.79
1.455,-1.05,-0.79,-0.79
1.47,-1.02,-0.79,-0.79
1.484,-1.0,-0.79,-0.79
1.498,-1.01,-0.79,-0.79
1.513,-1.0,-0.79,-0.79
1.527,-1.01,-0.79,-0.79
1.542,-0.93,-0.79,-0.79
1.556,-0.99,-0.79,-0.79
1.57,-1.0,-0.79,-0.79
1.585,-0.97,-0.79,-0.79
1.599,-1.03,-0.79,-0.79
1.614,-1.01,-0.79,-0.79
1.628,-0.97,-0.79,-0.79
1.642,-0.98,-0.79,-0.79
1.657,-0.92,-0.79,-0.79
1.671,-0.92,-0.79,-0.79
1.686,-0.96,-0.78,-0.79
1.7,-1.03,-0.78,-0.79
1.714,-1.01,-0.78,-0.79
1.729,-0.98,-0.78,-0.79
1.743,-0.98,-0.78,-0.78
1.757,-0.98,-0.78,-0.78
1.772,-1.02,-0.78,-0.78
1.788,-1.02,-0.78,-0.79
1.802,-1.0,-0.78,-0.78
1.817,-1.01,-0.78,-0.79
1.831,-0.99,-0.78,-0.79
1.846,-0.99,-0.78,-0.79
1.86,-0.98,-0.78,-0.79
1.875,-0.97,-0.78,-0.79
1.889,-0.99,-0.78,-0.78
1.904,-1.0,-0.78,-0.78
1.918,-0.9,-0.78,-0.78
1.932,-0.95,-0.78,-0.78
1.947,-1.01,-0.78,-0.78
1.961,-0.96,-0.78,-0.78
1.976,-1.01,-0.78,-0.78
1.99,-0.99,-0.78,-0.78
2.005,-0.99,-0.78,-0.78
2.019,-0.99,-0.78,-0.78
2.034,-0.96,-0.78,-0.78
2.048,-0.94,-0.78,-0.78
2.063,-0.94,-0.78,-0.78
2.077,-1.02,-0.78,-0.78
2.092,-1.06,-0.78,-0.78
2.106,-0.99,-0.78,-0.78
2.12,-0.94,-0.78,-0.78
2.135,-1.0,-0.78,-0.78
2.149,-1.05,-0.78,-0.78
2.164,-1.01,-0.78,-0.78
2.178,-0.95,-0.78,-0.78
2.193,-0.97,-0.78,-0.78
2.207,-1.01,-0.78,-0.78
2.222,-1.03,-0.78,-0.78
2.236,-0.97,-0.78,-0.78
2.25,-0.91,-0.78,-0.78
2.265,-0.92,-0.78,-0.78
2.279,-0.94,-0.78,-0.78
2.294,-1.04,-0.78,-0.78
2.308,-1.06,-0.78,-0.78
2.323,-0.95,-0.78,-0.78
2.337,-0.96,-0.78,-0.78
2.351,-0.98,-0.78,-0.78
2.366,-1.0,-0.78,-0.78
2.38,-0.99,-0.78,-0.78
2.395,-0.96,-0.78,-0.78
2.409,-0.96,-0.78,-0.78
2.423,-0.95,-0.78,-0.78
2.438,-0.96,-0.78,-0.78
2.452,-0.96,-0.78,-0.78
2.466,-0.92,-0.78,-0.78
2.481,-0.95,-0.78,-0.78
2.495,-0.99,-0.78,-0.78
2.513,-0.96,-0.78,-0.78
2.527,-0.97,-0.78,-0.78
2.542,-0.96,-0.78,-0.78
2.556,-0.97,-0.78,-0.78
2.571,-0.98,-0.78,-0.78
2.585,-1.01,-0.78,-0.78
2.6,-1.03,-0.78,-0.78
2.614,-0.99,-0.78,-0.78
2.629,-0.92,-0.78,-0.78
2.643,-0.92,-0.78,-0.78
2.658,-0.99,-0.78,-0.78
2.673,-1.03,-0.78,-0.78
2.687,-0.96,-0.78,-0.78
2.702,-0.96,-0.78,-0.78
2.716,-0.94,-0.78,-0.78
2.731,-0.93,-0.78,-0.78
2.745,-0.98,-0.78,-0.78
2.759,-1.01,-0.78,-0.78
2.774,-0.97,-0.78,-0.78
2.788,-0.96,-0.78,-0.78
2.803,-0.95,-0.78,-0.78
2.817,-0.93,-0.78,-0.78
2.832,-0.99,-0.78,-0.78
2.846,-1.03,-0.78,-0.78
2.861,-0.99,-0.78,-0.78
2.875,-0.98,-0.78,-0.78
2.89,-0.98,-0.78,-0.78
2.904,-0.96,-0.78,-0.78
2.919,-0.94,-0.78,-0.78
2.933,-0.95,-0.78,-0.78
2.947,-1.05,-0.78,-0.78
2.962,-1.02,-0.78,-0.78
2.976,-1.01,-0.78,-0.78
2.99,-0.99,-0.78,-0.78
3.005,-1.05,-0.78,-0.78
3.019,-1.03,-0.78,-0.78
3.034,-1.0,-0.78,-0.79
3.048,-1.01,-0.78,-0.79
3.063,-1.0,-0.78,-0.79
3.077,-1.01,-0.78,-0.79
3.092,-1.03,-0.79,-0.79
3.106,-1.06,-0.79,-0.79
3.12,-1.01,-0.79,-0.79
3.135,-1.0,-0.79,-0.79
3.149,-0.99,-0.79,-0.79
3.164,-1.01,-0.79,-0.79
3.178,-1.01,-0.79,-0.79
3.193,-1.0,-0.79,-0.79
3.207,-1.0,-0.79,-0.79
3.222,-0.98,-0.79,-0.79
3.236,-1.0,-0.79,-0.79
3.25,-0.99,-0.79,-0.79
3.265,-1.0,-0.79,-0.79
3.279,-1.0,-0.79,-0.79
3.293,-0.98,-0.79,-0.79
3.308,-0.94,-0.79,-0.79
3.322,-1.01,-0.79,-0.79
3.337,-1.05,-0.79,-0.79
3.351,-0.98,-0.79,-0.79
3.365,-0.97,-0.79,-0.79
3.38,-1.01,-0.79,-0.79
3.394,-0.95,-0.79,-0.79
3.409,-0.96,-0.79,-0.79
3.423,-1.0,-0.79,-0.79
3.437,-1.01,-0.79,-0.79
3.452,-0.94,-0.79,-0.79
3.466,-0.92,-0.79,-0.79
3.481,-1.02,-0.79,-0.79
3.495,-1.02,-0.79,-0.79
3.51,-0.96,-0.79,-0.79
3.524,-1.0,-0.79,-0.79
3.539,-1.05,-0.79,-0.79
3.553,-1.01,-0.79,-0.79
3.567,-1.02,-0.79,-0.79
3.582,-0.98,-0.79,-0.79
3.596,-0.95,-0.79,-0.79
3.61,-0.97,-0.79,-0.79
3.625,-0.96,-0.79,-0.8
3.64,-1.03,-0.79,-0.8
3.654,-1.04,-0.79,-0.8
3.669,-1.01,-0.8,-0.8
3.683,-0.95,-0.8,-0.8
3.698,-0.96,-0.8,-0.8
3.712,-0.98,-0.8,-0.8
3.726,-1.05,-0.8,-0.8
3.741,-1.05,-0.8,-0.8
3.755,-0.96,-0.8,-0.8
3.77,-0.96,-0.8,-0.8
3.784,-1.01,-0.8,-0.8
3.798,-1.0,-0.8,-0.8
3.813,-0.96,-0.8,-0.8
3.827,-0.96,-0.8,-0.8
3.841,-1.0,-0.8,-0.8
3.856,-0.98,-0.8,-0.8
3.87,-0.99,-0.8,-0.8
3.885,-0.97,-0.8,-0.8
3.899,-0.95,-0.8,-0.8
3.914,-1.02,-0.8,-0.8
3.928,-1.07,-0.8,-0.8
3.943,-1.0,-0.8,-0.8
3.957,-0.99,-0.8,-0.8
3.972,-0.98,-0.8,-0.8
3.986,-0.98,-0.8,-0.8
4.001,-0.99,-0.8,-0.8
4.015,-1.01,-0.8,-0.8
4.03,-1.04,-0.8,-0.81
4.044,-0.98,-0.8,-0.81
4.058,-0.97,-0.8,-0.8
4.073,-0.98,-0.8,-0.8
4.087,-0.97,-0.8,-0.8
4.102,-1.01,-0.8,-0.81
4.116,-1.03,-0.8,-0.81
4.131,-0.98,-0.8,-0.81
4.145,-0.98,-0.8,-0.8
4.16,-0.98,-0.8,-0.8
4.174,-0.93,-0.8,-0.8
4.189,-0.96,-0.8,-0.8
4.203,-0.99,-0.8,-0.8
4.217,-1.0,-0.8,-0.8
4.232,-0.97,-0.8,-0.8
4.246,-1.01,-0.8,-0.8
4.261,-0.99,-0.8,-0.8
4.275,-0.98,-0.8,-0.8
4.289,-0.99,-0.8,-0.8
4.304,-0.97,-0.8,-0.8
4.318,-0.98,-0.8,-0.8
4.333,-0.96,-0.8,-0.8
4.347,-0.96,-0.8,-0.8
4.361,-0.92,-0.8,-0.8
4.376,-0.92,-0.8,-0.8
4.39,-1.03,-0.79,-0.8
4.404,-1.03,-0.79,-0.8
4.419,-0.97,-0.79,-0.8
4.433,-0.99,-0.8,-0.8
4.448,-0.96,-0.8,-0.8
4.462,-0.96,-0.8,-0.8
4.477,-0.99,-0.79,-0.8
4.491,-0.96,-0.79,-0.8
4.506,-0.96,-0.79,-0.8
4.52,-1.01,-0.8,-0.8
4.534,-1.01,-0.8,-0.8
4.549,-1.0,-0.8,-0.8
4.563,-1.02,-0.8,-0.8
4.578,-1.0,-0.8,-0.8
4.592,-0.99,-0.8,-0.8
4.606,-1.05,-0.8,-0.8
4.621,-1.01,-0.8,-0.8
4.636,-0.92,-0.8,-0.8
4.65,-0.97,-0.8,-0.8
4.664,-0.96,-0.79,-0.8
4.679,-0.98,-0.79,-0.79
4.694,-0.95,-0.79,-0.79
4.708,-0.89,-0.79,-0.79
4.723,-0.93,-0.79,-0.79
4.737,-0.92,-0.79,-0.79
4.752,-0.93,-0.79,-0.79
4.766,-1.01,-0.79,-0.79
4.78,-0.99,-0.79,-0.79
4.795,-0.92,-0.79,-0.79
4.809,-0.94,-0.79,-0.79
4.823,-0.95,-0.79,-0.79
4.838,-1.0,-0.79,-0.79
4.852,-1.05,-0.78,-0.79
4.867,-1.01,-0.79,-0.79
4.882,-0.94,-0.79,-0.79
4.896,-1.0,-0.79,-0.79
4.911,-1.03,-0.79,-0.79
4.925,-0.94,-0.79,-0.79
4.939,-0.94,-0.79,-0.79
4.954,-0.97,-0.79,-0.79
4.968,-1.0,-0.79,-0.79
4.983,-1.03,-0.79,-0.79
4.997,-0.95,-0.79,-0.79
5.012,-0.92,-0.79,-0.79
5.026,-1.08,-0.79,-0.79
5.04,-0.93,-0.79,-0.79
5.055,-0.96,-0.79,-0.79
5.069,-1.04,-0.79,-0.79
5.084,-1.03,-0.79,-0.79
5.098,-1.08,-0.79,-0.79
5.113,-1.0,-0.79,-0.79
5.127,-1.05,-0.79,-0.79
5.141,-0.9,-0.79,-0.79
5.156,-0.85,-0.79,-0.79
5.17,-1.03,-0.79,-0.79
5.185,-1.05,-0.79,-0.79
5.199,-0.92,-0.79,-0.79
5.214,-0.96,-0.79,-0.79
5.229,-1.13,-0.79,-0.79
5.243,-1.06,-0.79,-0.79
5.257,-0.96,-0.79,-0.79
5.271,-0.94,-0.79,-0.79
5.285,-0.98,-0.79,-0.79
5.3,-1.08,-0.79,-0.8
5.314,-1.01,-0.8,-0.8
5.329,-0.86,-0.8,-0.8
5.343,-0.99,-0.8,-0.8
5.358,-1.11,-0.79,-0.8
5.372,-0.98,-0.8,-0.8
5.386,-0.96,-0.8,-0.8
5.401,-1.08,-0.8,-0.8
5.415,-1.18,-0.8,-0.8
5.43,-0.95,-0.8,-0.8
5.444,-0.83,-0.8,-0.8
5.458,-1.0,-0.8,-0.8
5.473,-1.11,-0.8,-0.8
5.487,-0.96,-0.8,-0.8
5.502,-0.86,-0.8,-0.8
5.516,-1.0,-0.8,-0.8
5.531,-1.04,-0.8,-0.8
5.545,-1.04,-0.8,-0.8
5.56,-0.99,-0.8,-0.8
5.574,-1.01,-0.8,-0.8
5.588,-1.09,-0.8,-0.8
5.603,-1.05,-0.8,-0.81
5.617,-0.87,-0.81,-0.81
5.632,-0.9,-0.8,-0.81
5.646,-1.04,-0.8,-0.81
5.661,-1.01,-0.8,-0.81
5.675,-0.93,-0.8,-0.81
5.689,-0.94,-0.8,-0.81
5.704,-1.05,-0.8,-0.81
5.718,-1.01,-0.81,-0.81
5.733,-0.93,-0.81,-0.81
5.748,-0.96,-0.8,-0.81
5.762,-1.01,-0.8,-0.8
5.776,-0.98,-0.8,-0.81
5.793,-0.94,-0.8,-0.8
5.807,-0.98,-0.8,-0.8
5.822,-1.02,-0.8,-0.8
5.836,-0.94,-0.8,-0.8
5.85,-0.93,-0.8,-0.8
5.865,-0.99,-0.8,-0.8
5.879,-1.0,-0.8,-0.8
5.894,-0.99,-0.8,-0.8
5.908,-1.01,-0.8,-0.8
5.923,-1.03,-0.8,-0.8
5.938,-0.98,-0.8,-0.8
5.952,-0.94,-0.8,-0.8
5.967,-0.99,-0.8,-0.8
5.981,-1.04,-0.8,-0.8
5.995,-0.99,-0.8,-0.8
6.01,-1.0,-0.8,-0.8
6.024,-1.03,-0.8,-0.8
6.039,-0.93,-0.8,-0.8
6.053,-0.94,-0.8,-0.8
6.068,-1.01,-0.8,-0.8
6.082,-1.04,-0.8,-0.8
6.097,-0.99,-0.8,-0.8
6.111,-0.96,-0.8,-0.8
6.126,-0.95,-0.8,-0.8
6.14,-0.96,-0.8,-0.8
6.155,-1.01,-0.8,-0.8
6.169,-0.94,-0.8,-0.8
6.184,-0.91,-0.79,-0.79
6.198,-0.95,-0.79,-0.79
6.212,-0.98,-0.79,-0.79
6.227,-0.95,-0.79,-0.79
6.241,-0.94,-0.79,-0.79
6.255,-1.01,-0.79,-0.79
6.27,-0.99,-0.79,-0.79
6.284,-0.93,-0.79,-0.79
6.298,-0.89,-0.79,-0.79
6.313,-0.97,-0.79,-0.79
6.328,-1.02,-0.79,-0.79
6.342,-0.96,-0.79,-0.79
6.357,-0.92,-0.78,-0.79
6.371,-1.01,-0.78,-0.79
6.386,-1.09,-0.78,-0.79
6.4,-1.05,-0.79,-0.79
6.415,-0.96,-0.79,-0.79
6.429,-0.94,-0.79,-0.79
6.443,-0.98,-0.78,-0.79
6.457,-0.94,-0.79,-0.79
6.472,-0.94,-0.78,-0.79
6.487,-1.02,-0.78,-0.79
6.501,-1.02,-0.78,-0.79
6.516,-1.0,-0.78,-0.79
6.53,-0.93,-0.79,-0.79
6.545,-1.0,-0.78,-0.79
6.559,-1.05,-0.78,-0.79
6.573,-0.94,-0.79,-0.79
6.588,-0.93,-0.79,-0.79
6.603,-0.99,-0.78,-0.79
6.617,-0.95,-0.78,-0.79
6.632,-0.93,-0.78,-0.78
6.646,-0.97,-0.78,-0.78
6.662,-1.01,-0.78,-0.78
6.676,-0.97,-0.78,-0.79
6.691,-0.94,-0.78,-0.79
6.705,-0.96,-0.79,-0.79
6.719,-1.0,-0.79,-0.79
6.734,-1.03,-0.79,-0.79
6.748,-0.96,-0.79,-0.79
6.762,-0.96,-0.79,-0.79
6.777,-0.99,-0.79,-0.79
6.791,-1.0,-0.79,-0.79
6.806,-0.97,-0.79,-0.79
6.82,-1.01,-0.79,-0.79
6.835,-1.01,-0.79,-0.79
6.849,-0.97,-0.79,-0.79
6.863,-0.94,-0.79,-0.79
6.878,-0.95,-0.79,-0.79
6.892,-1.05,-0.79,-0.79
6.907,-1.02,-0.79,-0.79
6.921,-0.98,-0.79,-0.79
6.936,-1.0,-0.79,-0.79
6.95,-0.93,-0.79,-0.79
6.965,-0.94,-0.79,-0.79
6.979,-0.94,-0.78,-0.79
6.994,-0.96,-0.78,-0.79
7.008,-0.95,-0.78,-0.78
7.023,-0.95,-0.78,-0.78
7.037,-0.95,-0.78,-0.78
7.052,-0.96,-0.78,-0.78
7.066,-0.97,-0.78,-0.78
7.08,-1.01,-0.78,-0.79
7.095,-0.96,-0.78,-0.78
7.11,-0.9,-0.78,-0.78
7.124,-0.91,-0.78,-0.78
7.138,-0.98,-0.78,-0.78
7.153,-0.98,-0.78,-0.78
7.167,-0.93,-0.78,-0.78
7.181,-0.93,-0.78,-0.78
7.196,-0.94,-0.78,-0.78
7.21,-0.91,-0.78,-0.78
7.225,-0.94,-0.78,-0.78
7.239,-0.98,-0.78,-0.78
7.254,-0.98,-0.78,-0.78
7.268,-0.99,-0.78,-0.78
7.282,-0.97,-0.78,-0.78
7.297,-1.03,-0.78,-0.78
7.311,-1.05,-0.78,-0.79
7.325,-0.99,-0.78,-0.79
7.34,-0.96,-0.78,-0.78
7.354,-0.92,-0.78,-0.78
7.369,-0.94,-0.78,-0.78
7.383,-0.96,-0.78,-0.78
7.397,-1.0,-0.78,-0.78
7.413,-1.02,-0.78,-0.78
7.428,-0.98,-0.78,-0.78
7.442,-0.94,-0.78,-0.78
7.456,-0.95,-0.78,-0.78
7.471,-0.94,-0.78,-0.78
7.485,-0.96,-0.78,-0.78
7.5,-0.97,-0.78,-0.78
7.514,-0.98,-0.78,-0.78
7.529,-0.95,-0.78,-0.78
7.543,-0.99,-0.78,-0.78
7.558,-0.97,-0.78,-0.78
7.572,-0.97,-0.78,-0.78
7.586,-1.04,-0.78,-0.78
7.601,-1.03,-0.78,-0.78
7.615,-0.98,-0.78,-0.78
7.63,-0.97,-0.78,-0.78
7.644,-0.99,-0.78,-0.78
7.658,-1.05,-0.78,-0.78
7.675,-1.04,-0.78,-0.78
7.689,-0.98,-0.78,-0.78
7.704,-0.94,-0.78,-0.78
7.718,-0.96,-0.78,-0.78
7.733,-0.96,-0.77,-0.78
7.747,-0.94,-0.77,-0.78
7.761,-0.98,-0.77,-0.78
7.776,-1.06,-0.77,-0.78
7.79,-1.02,-0.77,-0.78
7.805,-0.97,-0.77,-0.78
7.82,-0.98,-0.77,-0.77
7.834,-1.03,-0.77,-0.78
7.849,-0.99,-0.77,-0.78
7.863,-0.95,-0.78,-0.78
7.878,-0.95,-0.78,-0.78
7.892,-0.98,-0.77,-0.78
7.906,-0.99,-0.77,-0.78
7.921,-0.94,-0.78,-0.78
7.935,-0.94,-0.78,-0.78
7.95,-1.01,-0.77,-0.78
7.965,-0.99,-0.78,-0.78
7.979,-0.94,-0.78,-0.78
7.993,-0.95,-0.78,-0.78
8.008,-1.02,-0.77,-0.78
8.022,-1.0,-0.77,-0.78
8.037,-0.98,-0.77,-0.78
8.051,-0.95,-0.77,-0.78
8.066,-0.94,-0.77,-0.78
8.08,-1.08,-0.77,-0.78
8.094,-1.05,-0.78,-0.78
8.109,-1.01,-0.78,-0.78
8.123,-1.03,-0.78,-0.78
8.138,-0.9,-0.78,-0.78
8.152,-0.91,-0.77,-0.78
8.167,-1.01,-0.77,-0.78
8.181,-1.03,-0.78,-0.78
8.195,-1.0,-0.78,-0.78
8.21,-0.96,-0.78,-0.78
8.224,-0.94,-0.78,-0.78
8.238,-0.93,-0.78,-0.78
8.253,-0.93,-0.78,-0.78
8.268,-1.01,-0.78,-0.78
8.282,-1.02,-0.78,-0.78
8.296,-0.96,-0.78,-0.78
8.311,-0.99,-0.78,-0.78
8.329,-1.06,-0.77,-0.78
8.343,-1.0,-0.78,-0.78
8.357,-1.0,-0.78,-0.78
8.372,-0.98,-0.78,-0.78
8.386,-0.98,-0.78,-0.78
8.401,-1.02,-0.78,-0.78
8.415,-1.05,-0.78,-0.78
8.43,-1.03,-0.78,-0.78
8.445,-0.94,-0.78,-0.78
8.459,-0.92,-0.78,-0.78
8.474,-1.0,-0.78,-0.78
8.488,-1.02,-0.78,-0.78
8.502,-1.03,-0.78,-0.78
8.517,-0.99,-0.78,-0.78
8.531,-0.99,-0.78,-0.79
8.545,-1.02,-0.78,-0.79
8.56,-1.04,-0.78,-0.79
8.575,-1.02,-0.78,-0.79
8.589,-1.01,-0.78,-0.79
8.603,-0.96,-0.78,-0.79
8.618,-0.95,-0.78,-0.79
8.632,-0.97,-0.78,-0.79
8.647,-0.99,-0.78,-0.78
8.662,-0.96,-0.78,-0.78
8.676,-0.95,-0.78,-0.78
8.691,-1.0,-0.78,-0.78
8.705,-0.96,-0.78,-0.78
8.719,-0.96,-0.78,-0.78
8.734,-0.96,-0.78,-0.78
8.748,-0.96,-0.78,-0.78
8.762,-1.01,-0.78,-0.78
8.777,-1.02,-0.78,-0.79
8.791,-1.02,-0.78,-0.79
8.805,-1.03,-0.78,-0.79
8.82,-0.98,-0.79,-0.79
8.835,-0.98,-0.78,-0.79
8.849,-1.09,-0.78,-0.79
8.864,-1.0,-0.78,-0.79
8.878,-0.93,-0.78,-0.78
8.893,-0.97,-0.78,-0.78
8.907,-0.93,-0.78,-0.78
8.922,-0.94,-0.78,-0.78
8.936,-1.0,-0.78,-0.78
8.951,-1.02,-0.78,-0.78
8.965,-1.03,-0.78,-0.78
8.979,-0.96,-0.78,-0.78
8.994,-0.94,-0.78,-0.78
9.008,-0.96,-0.78,-0.78
9.023,-0.96,-0.78,-0.78
9.037,-1.0,-0.78,-0.78
9.052,-0.97,-0.78,-0.78
9.066,-0.92,-0.78,-0.78
9.08,-0.97,-0.78,-0.78
9.095,-1.03,-0.78,-0.78
9.109,-1.01,-0.78,-0.78
9.124,-0.98,-0.78,-0.78
9.138,-0.94,-0.78,-0.78
9.153,-0.96,-0.78,-0.78
9.167,-1.01,-0.78,-0.78
9.181,-0.98,-0.78,-0.78
9.196,-0.95,-0.78,-0.78
9.21,-0.95,-0.78,-0.78
9.224,-0.99,-0.78,-0.78
9.239,-0.96,-0.78,-0.78
9.253,-0.99,-0.78,-0.78
9.268,-0.98,-0.78,-0.78
9.282,-0.94,-0.78,-0.78
9.296,-0.98,-0.78,-0.78
9.311,-1.0,-0.78,-0.78
9.325,-1.02,-0.78,-0.78
9.34,-0.94,-0.78,-0.78
9.354,-0.9,-0.78,-0.78
9.368,-0.96,-0.78,-0.78
9.383,-1.01,-0.78,-0.78
9.398,-1.03,-0.78,-0.78
9.412,-1.01,-0.78,-0.78
9.426,-0.98,-0.78,-0.79
9.441,-0.87,-0.78,-0.78
9.455,-0.88,-0.78,-0.78
9.469,-0.95,-0.78,-0.78
9.485,-1.03,-0.78,-0.78
9.5,-1.03,-0.78,-0.78
9.514,-1.01,-0.78,-0.78
9.528,-0.99,-0.78,-0.78
9.543,-0.94,-0.78,-0.78
9.558,-0.99,-0.78,-0.78
9.572,-1.03,-0.78,-0.78
9.586,-1.03,-0.78,-0.78
9.601,-1.02,-0.78,-0.78
9.615,-0.99,-0.78,-0.78
9.63,-0.98,-0.78,-0.78
9.644,-0.94,-0.78,-0.78
9.658,-1.03,-0.78,-0.78
9.673,-1.04,-0.78,-0.78
9.687,-0.99,-0.78,-0.78
9.702,-0.94,-0.78,-0.78
9.716,-0.97,-0.78,-0.78
9.73,-1.04,-0.78,-0.78
9.745,-1.07,-0.78,-0.78
9.759,-0.98,-0.78,-0.78
9.774,-0.94,-0.78,-0.78
9.789,-0.96,-0.78,-0.78
9.803,-0.98,-0.78,-0.78
9.817,-0.95,-0.78,-0.78
9.832,-0.93,-0.78,-0.78
9.848,-0.93,-0.78,-0.78
9.862,-0.97,-0.78,-0.78
9.877,-0.98,-0.78,-0.78
9.891,-0.98,-0.78,-0.78
9.905,-0.92,-0.78,-0.78
9.92,-0.93,-0.78,-0.78
9.934,-0.96,-0.78,-0.78
9.948,-0.95,-0.78,-0.78
9.963,-0.97,-0.78,-0.78
9.977,-0.98,-0.78,-0.78
9.992,-0.96,-0.78,-0.78
10.006,-0.96,-0.78,-0.78
10.021,-0.97,-0.78,-0.78
10.036,-0.94,-0.78,-0.78
10.05,-0.97,-0.78,-0.78
10.065,-0.97,-0.78,-0.78
10.079,-0.94,-0.78,-0.78
10.094,-0.94,-0.78,-0.78
10.108,-0.96,-0.78,-0.78
10.123,-0.96,-0.78,-0.78
10.137,-0.99,-0.78,-0.78
10.152,-1.0,-0.78,-0.78
10.166,-1.01,-0.78,-0.78
10.181,-1.03,-0.78,-0.78
10.195,-1.01,-0.78,-0.78
10.21,-0.98,-0.78,-0.78
10.224,-0.98,-0.78,-0.78
10.239,-0.97,-0.78,-0.78
10.253,-1.03,-0.78,-0.78
10.268,-1.05,-0.78,-0.78
10.282,-1.02,-0.78,-0.78
10.297,-1.0,-0.78,-0.78
10.311,-0.96,-0.78,-0.78
10.325,-0.93,-0.78,-0.78
10.34,-0.94,-0.78,-0.78
10.354,-0.99,-0.78,-0.78
10.369,-1.01,-0.78,-0.78
10.383,-1.01,-0.78,-0.78
10.398,-1.0,-0.78,-0.78
10.412,-0.94,-0.78,-0.78
10.427,-0.92,-0.78,-0.78
10.441,-0.94,-0.78,-0.78
10.456,-0.96,-0.78,-0.78
10.47,-1.0,-0.78,-0.78
10.485,-1.0,-0.78,-0.78
10.499,-0.97,-0.78,-0.78
10.514,-0.99,-0.78,-0.78
10.528,-0.98,-0.78,-0.78
10.543,-0.96,-0.78,-0.78
10.558,-0.96,-0.78,-0.78
10.572,-0.96,-0.78,-0.78
10.586,-0.95,-0.78,-0.78
10.601,-0.98,-0.78,-0.78
10.616,-0.99,-0.78,-0.78
10.63,-0.97,-0.78,-0.78
10.645,-0.98,-0.78,-0.78
10.659,-0.98,-0.78,-0.78
10.674,-0.94,-0.78,-0.78
10.688,-0.89,-0.78,-0.78
10.703,-0.94,-0.78,-0.78
10.717,-1.03,-0.78,-0.78
10.732,-1.01,-0.78,-0.78
10.747,-0.95,-0.78,-0.78
10.761,-0.93,-0.78,-0.78
10.775,-0.92,-0.78,-0.78
10.79,-0.98,-0.77,-0.78
10.805,-0.98,-0.77,-0.78
10.82,-0.94,-0.77,-0.78
10.835,-0.95,-0.77,-0.77
10.849,-0.95,-0.77,-0.77
10.863,-0.96,-0.77,-0.77
10.878,-0.94,-0.77,-0.77
10.892,-0.96,-0.77,-0.77
10.907,-1.02,-0.77,-0.77
10.921,-1.03,-0.77,-0.77
10.936,-0.93,-0.77,-0.77
10.95,-0.96,-0.77,-0.77
10.965,-1.01,-0.77,-0.77
10.979,-1.02,-0.77,-0.77
10.994,-0.96,-0.77,-0.77
11.008,-0.94,-0.77,-0.77
11.023,-0.98,-0.77,-0.77
11.037,-1.0,-0.77,-0.77
11.052,-0.98,-0.77,-0.77
11.066,-0.98,-0.77,-0.77
11.081,-1.02,-0.77,-0.77
11.095,-0.96,-0.77,-0.77
11.109,-0.92,-0.77,-0.77
11.124,-0.95,-0.77,-0.77
11.138,-0.98,-0.77,-0.77
11.153,-0.95,-0.77,-0.77
11.167,-0.98,-0.77,-0.77
11.185,-0.95,-0.77,-0.77
11.2,-0.94,-0.77,-0.77
11.214,-1.0,-0.77,-0.77
11.229,-0.97,-0.77,-0.77
11.243,-1.01,-0.77,-0.77
11.257,-1.0,-0.77,-0.77
11.272,-0.96,-0.77,-0.77
11.288,-0.98,-0.77,-0.77
11.301,-0.99,-0.77,-0.77
11.316,-0.98,-0.77,-0.77
11.33,-0.96,-0.77,-0.77
11.345,-0.94,-0.77,-0.77
11.36,-1.0,-0.77,-0.77
11.374,-1.02,-0.77,-0.77
11.389,-0.95,-0.77,-0.77
11.403,-1.0,-0.77,-0.77
11.418,-1.06,-0.77,-0.77
11.432,-1.03,-0.77,-0.77
11.447,-0.98,-0.77,-0.77
11.461,-0.94,-0.77,-0.77
11.476,-0.96,-0.77,-0.77
11.49,-0.98,-0.77,-0.77
11.505,-0.93,-0.77,-0.77
11.52,-0.96,-0.77,-0.77
11.534,-0.98,-0.77,-0.77
11.549,-0.99,-0.77,-0.77
11.563,-1.0,-0.77,-0.77
11.578,-0.94,-0.77,-0.77
11.593,-0.93,-0.77,-0.77
11.607,-0.96,-0.76,-0.77
11.621,-0.98,-0.77,-0.77
11.636,-0.98,-0.77,-0.77
11.65,-0.94,-0.77,-0.77
11.664,-0.94,-0.77,-0.77
11.679,-0.92,-0.77,-0.77
11.693,-0.91,-0.77,-0.77
11.708,-0.94,-0.77,-0.77
11.722,-0.96,-0.77,-0.77
11.737,-0.9,-0.77,-0.77
11.751,-0.91,-0.77,-0.77
11.766,-0.99,-0.76,-0.77
11.78,-0.97,-0.77,-0.77
11.795,-0.98,-0.77,-0.77
11.809,-0.99,-0.77,-0.77
11.824,-0.98,-0.77,-0.77
11.838,-0.95,-0.77,-0.77
11.853,-0.93,-0.77,-0.77
11.867,-0.98,-0.77,-0.77
11.882,-0.96,-0.77,-0.77
11.896,-1.0,-0.76,-0.77
11.911,-0.99,-0.77,-0.77
11.925,-1.07,-0.77,-0.77
11.94,-1.07,-0.77,-0.77
11.954,-1.01,-0.77,-0.77
11.969,-0.97,-0.77,-0.77
11.983,-0.92,-0.77,-0.77
11.998,-0.9,-0.77,-0.77
12.013,-0.99,-0.77,-0.77
12.027,-1.02,-0.77,-0.77
12.042,-0.96,-0.77,-0.77
12.056,-0.96,-0.77,-0.77
12.071,-0.98,-0.77,-0.77
12.085,-0.95,-0.77,-0.77
12.1,-0.97,-0.77,-0.77
12.114,-0.98,-0.77,-0.77
12.129,-0.96,-0.77,-0.77
12.143,-0.94,-0.77,-0.77
12.158,-0.99,-0.77,-0.77
12.172,-0.99,-0.77,-0.77
12.187,-0.97,-0.77,-0.77
12.201,-0.97,-0.77,-0.77
12.216,-0.94,-0.77,-0.77
12.231,-0.92,-0.77,-0.77
12.245,-0.94,-0.77,-0.77
12.26,-0.98,-0.76,-0.77
12.274,-1.0,-0.77,-0.77
12.288,-0.97,-0.77,-0.77
12.303,-0.97,-0.77,-0.77
12.317,-0.94,-0.77,-0.77
12.332,-0.96,-0.76,-0.77
12.346,-0.97,-0.77,-0.77
12.36,-0.97,-0.77,-0.77
12.375,-1.01,-0.77,-0.77
12.389,-1.07,-0.77,-0.77
12.404,-0.99,-0.77,-0.77
12.418,-0.91,-0.77,-0.77
12.433,-0.96,-0.77,-0.77
12.447,-0.96,-0.77,-0.77
12.462,-0.94,-0.77,-0.77
12.477,-1.03,-0.77,-0.77
12.491,-1.04,-0.77,-0.77
12.506,-1.03,-0.77,-0.77
12.52,-0.99,-0.77,-0.77
12.535,-1.05,-0.77,-0.77
12.549,-1.02,-0.77,-0.77
12.564,-0.93,-0.77,-0.77
12.578,-0.85,-0.77,-0.77
12.592,-0.89,-0.77,-0.77
12.606,-1.02,-0.77,-0.77
12.621,-0.99,-0.77,-0.77
12.635,-0.88,-0.77,-0.77
12.65,-0.91,-0.77,-0.77
12.664,-1.01,-0.77,-0.77
12.679,-0.98,-0.77,-0.77
12.694,-0.96,-0.77,-0.77
12.708,-0.99,-0.76,-0.77
12.722,-1.02,-0.76,-0.77
12.737,-1.0,-0.77,-0.77
12.751,-0.93,-0.77,-0.77
12.766,-0.94,-0.76,-0.77
12.78,-0.98,-0.76,-0.77
12.794,-1.0,-0.77,-0.77
12.809,-0.92,-0.77,-0.77
12.826,-0.97,-0.77,-0.77
12.841,-1.0,-0.77,-0.77
12.855,-1.07,-0.77,-0.77
12.87,-1.04,-0.77,-0.77
12.884,-0.96,-0.77,-0.77
12.899,-0.97,-0.77,-0.77
12.913,-0.96,-0.77,-0.77
12.927,-0.94,-0.77,-0.77
12.942,-0.9,-0.77,-0.77
12.956,-0.91,-0.77,-0.77
12.971,-1.01,-0.77,-0.77
12.985,-0.96,-0.77,-0.77
13.0,-0.96,-0.77,-0.77
13.014,-0.96,-0.77,-0.77
13.029,-1.03,-0.77,-0.77
13.043,-0.98,-0.77,-0.78
13.058,-0.96,-0.78,-0.78
13.072,-0.97,-0.78,-0.78
13.087,-0.93,-0.78,-0.78
13.101,-0.95,-0.78,-0.78
13.115,-0.94,-0.78,-0.78
13.13,-0.96,-0.78,-0.78
13.144,-1.02,-0.77,-0.77
13.159,-0.96,-0.77,-0.77
13.173,-0.01,-0.75,-0.75
13.187,1.5,-0.7,-0.68
13.202,1.97,-0.57,-0.55
13.216,-0.63,-0.2,-0.2
13.231,-9.43,0.23,0.13
13.245,-6.96,0.2,0.13
13.259,-4.34,-0.01,-0.06
13.273,-2.47,-0.45,-0.47
13.288,7.02,-0.9,-0.82
13.302,-1.28,-0.83,-0.84
13.317,-3.77,-0.75,-0.78
13.331,0.1,-0.82,-0.81
13.346,-0.34,-0.84,-0.83
13.36,-0.82,-0.83,-0.83
13.375,-1.05,-0.83,-0.83
13.389,-0.93,-0.83,-0.83
13.404,-0.8,-0.83,-0.83
13.418,-0.91,-0.84,-0.84
13.432,-0.91,-0.84,-0.84
13.447,-0.96,-0.84,-0.84
13.461,-0.97,-0.83,-0.84
13.476,-0.96,-0.83,-0.83
13.49,-0.93,-0.83,-0.83
13.505,-1.03,-0.82,-0.82
13.52,-1.08,-0.82,-0.82
13.535,-0.96,-0.82,-0.82
13.549,-0.99,-0.82,-0.82
13.563,-1.05,-0.82,-0.82
13.578,-1.01,-0.82,-0.82
13.594,-0.97,-0.82,-0.82
13.608,-0.97,-0.82,-0.82
13.623,-0.96,-0.82,-0.82
13.637,-0.9,-0.82,-0.82
13.652,-0.92,-0.81,-0.82
13.666,-1.05,-0.81,-0.82
13.68,-1.02,-0.81,-0.82
13.696,-0.92,-0.81,-0.81
13.71,-0.92,-0.81,-0.81
13.725,-0.92,-0.81,-0.81
13.739,-0.94,-0.81,-0.81
13.754,-1.02,-0.81,-0.81
13.769,-1.0,-0.81,-0.81
13.783,-0.93,-0.81,-0.81
13.798,-0.98,-0.81,-0.81
13.813,-0.92,-0.81,-0.81
13.828,-0.9,-0.81,-0.81
13.842,-1.02,-0.8,-0.81
13.857,-1.03,-0.8,-0.81
13.871,-0.91,-0.81,-0.81
13.886,-0.95,-0.8,-0.81
13.9,-0.97,-0.8,-0.81
13.916,-0.94,-0.8,-0.8
13.93,-0.96,-0.8,-0.8
13.944,-1.02,-0.8,-0.8
13.959,-0.97,-0.8,-0.8
13.974,-0.93,-0.8,-0.8
13.988,-0.98,-0.8,-0.8
14.002,-0.96,-0.8,-0.8
14.017,-0.98,-0.8,-0.8
14.031,-1.03,-0.8,-0.8
14.046,-1.0,-0.8,-0.8
14.061,-1.01,-0.8,-0.8
14.075,-0.99,-0.8,-0.8
14.089,-1.04,-0.8,-0.8
14.104,-1.07,-0.8,-0.8
14.118,-1.01,-0.8,-0.8
14.133,-1.07,-0.8,-0.8
14.147,-1.05,-0.8,-0.8
14.162,-0.94,-0.8,-0.8
14.176,-0.94,-0.8,-0.81
14.191,-0.96,-0.8,-0.81
14.206,-0.93,-0.8,-0.8
14.22,-0.99,-0.8,-0.8
14.234,-1.0,-0.8,-0.8
14.261,-0.97,-0.79,-0.79
14.275,-0.65,-0.79,-0.79
14.29,1.92,-0.77,-0.74
14.304,3.17,-0.61,-0.57
14.318,-2.23,-0.3,-0.32
14.332,-7.28,0.16,0.08
14.348,-4.56,0.44,0.39
14.362,-1.77,0.39,0.36
14.376,-1.77,0.32,0.3
14.391,-2.1,0.3,0.28
14.405,-2.19,0.29,0.26
14.419,-2.06,0.27,0.25
14.434,-2.19,0.26,0.23
14.448,-2.32,0.24,0.22
14.462,-2.25,0.22,0.19
14.476,-2.18,0.19,0.17
14.491,-2.19,0.17,0.15
14.505,-2.23,0.15,0.13
14.519,-2.19,0.13,0.11
14.533,-2.1,0.1,0.08
14.547,-2.16,0.08,0.06
14.562,-2.29,0.06,0.04
14.576,-2.21,0.04,0.02
14.59,-2.21,0.02,-0.01
14.604,-2.17,-0.01,-0.03
14.619,-2.07,-0.04,-0.06
14.634,-1.95,-0.07,-0.09
14.648,-2.15,-0.08,-0.1
14.663,-2.26,-0.09,-0.11
14.678,-2.21,-0.11,-0.13
14.692,-2.14,-0.12,-0.15
14.707,-2.24,-0.14,-0.16
14.721,-2.04,-0.16,-0.18
14.736,-2.09,-0.17,-0.19
14.75,-2.21,-0.18,-0.2
14.765,-2.25,-0.2,-0.22
14.779,-2.2,-0.22,-0.24
14.794,-1.99,-0.24,-0.25
14.808,-2.04,-0.25,-0.27
14.823,-2.14,-0.26,-0.28
14.837,-2.27,-0.27,-0.29
14.852,-2.26,-0.28,-0.3
14.866,-2.25,-0.29,-0.31
14.881,-2.24,-0.31,-0.32
14.896,-2.22,-0.33,-0.34
14.911,-2.24,-0.35,-0.36
14.925,-2.23,-0.36,-0.38
14.94,-2.12,-0.38,-0.4
14.954,-2.1,-0.39,-0.4
14.969,-2.33,-0.39,-0.41
14.983,-2.36,-0.41,-0.43
14.998,-2.17,-0.43,-0.44
15.013,-2.19,-0.44,-0.46
15.027,-2.21,-0.46,-0.48
15.042,-2.29,-0.47,-0.49
15.056,-2.22,-0.49,-0.51
15.071,-2.1,-0.51,-0.53
15.086,-2.22,-0.53,-0.54
15.1,-2.27,-0.54,-0.56
15.114,-2.16,-0.56,-0.58
15.129,-2.27,-0.58,-0.6
15.143,-2.34,-0.6,-0.62
15.158,-1.91,-0.62,-0.63
15.172,-2.1,-0.63,-0.65
15.187,-2.09,-0.64,-0.66
15.202,-2.16,-0.64,-0.66
15.216,-2.23,-0.64,-0.66
15.231,-2.3,-0.65,-0.67
15.245,-2.28,-0.66,-0.68
15.259,-2.25,-0.68,-0.69
15.274,-2.23,-0.69,-0.71
15.289,-2.07,-0.71,-0.73
15.303,-2.13,-0.73,-0.74
15.317,-2.22,-0.73,-0.75
15.332,-2.25,-0.74,-0.76
15.346,-2.2,-0.75,-0.76
15.361,-2.2,-0.75,-0.77
15.375,-2.27,-0.76,-0.78
15.39,-2.31,-0.77,-0.79
15.405,-2.3,-0.78,-0.79
15.42,-2.3,-0.79,-0.81
15.434,-2.25,-0.8,-0.82
15.449,-2.23,-0.82,-0.83
15.464,-2.22,-0.83,-0.85
15.478,-2.19,-0.85,-0.86
15.493,-2.27,-0.86,-0.87
15.508,-2.26,-0.87,-0.88
15.522,-2.22,-0.88,-0.89
15.537,-2.2,-0.89,-0.91
15.551,-2.21,-0.9,-0.92
15.566,-2.23,-0.91,-0.93
15.581,-2.08,-0.93,-0.94
15.595,-2.13,-0.93,-0.95
15.61,-2.22,-0.94,-0.95
15.624,-2.37,-0.94,-0.95
15.638,-2.4,-0.95,-0.96
15.653,-2.28,-0.96,-0.98
15.667,-2.28,-0.98,-1.0
15.682,-2.2,-1.0,-1.01
15.696,-2.24,-1.01,-1.02
15.711,-2.26,-1.02,-1.03
15.725,-2.3,-1.03,-1.04
15.74,-2.28,-1.04,-1.05
15.754,-2.22,-1.05,-1.06
15.768,-2.21,-1.05,-1.07
15.79,-2.28,-1.05,-1.07
15.805,-2.33,-1.06,-1.07
15.819,-2.31,-1.06,-1.07
15.834,-2.23,-1.07,-1.08
15.848,-2.24,-1.08,-1.09
15.863,-2.24,-1.09,-1.1
15.877,-2.26,-1.09,-1.1
15.892,-2.35,-1.1,-1.11
15.906,-2.34,-1.11,-1.13
15.921,-2.29,-1.13,-1.14
15.935,-2.25,-1.14,-1.16
15.95,-2.26,-1.16,-1.17
15.965,-2.31,-1.17,-1.18
15.979,-2.13,-1.18,-1.19
15.993,-2.15,-1.19,-1.2
16.007,-2.31,-1.19,-1.2
16.022,-2.4,-1.19,-1.21
16.037,-2.33,-1.2,-1.21
16.051,-2.3,-1.21,-1.22
16.066,-2.26,-1.22,-1.23
16.08,-2.24,-1.23,-1.24
16.095,-2.27,-1.23,-1.24
16.109,-2.25,-1.24,-1.25
16.124,-2.27,-1.24,-1.25
16.138,-2.32,-1.25,-1.26
16.153,-2.27,-1.25,-1.26
16.167,-2.29,-1.26,-1.27
16.182,-2.33,-1.27,-1.28
16.196,-2.26,-1.28,-1.29
16.214,-2.31,-1.28,-1.29
16.227,-2.34,-1.29,-1.3
16.242,-2.31,-1.3,-1.31
16.256,-2.27,-1.3,-1.31
16.271,-2.26,-1.31,-1.32
16.285,-2.28,-1.32,-1.33
16.3,-2.29,-1.33,-1.34
16.314,-2.32,-1.34,-1.35
16.329,-2.34,-1.35,-1.36
16.343,-2.28,-1.36,-1.37
16.358,-2.25,-1.37,-1.38
16.372,-2.22,-1.38,-1.39
16.386,-2.17,-1.39,-1.4
16.401,-2.24,-1.4,-1.41
16.415,-2.31,-1.4,-1.41
16.431,-2.3,-1.41,-1.42
16.445,-2.24,-1.42,-1.42
16.46,-2.24,-1.42,-1.43
16.474,-2.29,-1.43,-1.43
16.488,-2.29,-1.43,-1.44
16.503,-2.29,-1.44,-1.45
16.518,-2.28,-1.45,-1.46
16.532,-2.28,-1.46,-1.47
16.548,-2.27,-1.47,-1.48
16.562,-2.26,-1.48,-1.49
16.577,-2.3,-1.49,-1.5
16.592,-2.27,-1.49,-1.5
16.606,-2.18,-1.51,-1.51
16.62,-2.15,-1.52,-1.52
16.635,-2.22,-1.52,-1.53
16.649,-2.28,-1.52,-1.53
16.664,-2.27,-1.52,-1.53
16.678,-2.24,-1.52,-1.53
16.693,-2.29,-1.52,-1.53
16.707,-2.29,-1.52,-1.53
16.722,-2.3,-1.53,-1.54
16.736,-2.31,-1.54,-1.54
16.75,-2.2,-1.54,-1.55
16.765,-2.2,-1.55,-1.56
16.779,-2.23,-1.56,-1.57
16.794,-2.29,-1.57,-1.58
16.808,-2.26,-1.58,-1.59
16.823,-2.28,-1.59,-1.6
16.837,-2.26,-1.6,-1.61
16.852,-2.16,-1.62,-1.62
16.87,-2.14,-1.63,-1.64
16.884,-2.19,-1.65,-1.65
16.899,-1.86,-1.66,-1.66
16.913,-2.22,-1.64,-1.65
16.928,-1.58,-1.64,-1.64
16.942,-1.84,-1.65,-1.65
16.956,-3.25,-1.66,-1.68
16.971,-2.5,-1.7,-1.71
16.985,-2.08,-1.74,-1.75
17.0,-2.38,-1.79,-1.8
17.014,-2.3,-1.86,-1.86
17.028,-1.6,-1.95,-1.94
17.043,-1.53,-2.0,-2.0
17.057,-2.2,-2.04,-2.04
17.072,-2.21,-2.1,-2.1
17.086,-1.68,-2.17,-2.16
17.101,-0.9,-2.23,-2.22
17.115,-0.9,-2.26,-2.24
17.13,-3.49,-2.21,-2.22
17.144,-2.02,-2.23,-2.23
17.159,-0.57,-2.34,-2.32
17.173,-0.14,-2.39,-2.37
17.188,-3.28,-2.39,-2.4
17.202,-3.47,-2.45,-2.46
17.216,-0.82,-2.6,-2.58
17.231,1.83,-2.78,-2.73
17.246,-0.52,-2.86,-2.83
17.26,-1.05,-2.81,-2.79
17.275,-1.19,-2.77,-2.76
17.289,-0.84,-2.76,-2.74
17.304,-1.03,-2.74,-2.72
17.318,-0.85,-2.72,-2.7
17.333,-1.11,-2.7,-2.68
17.347,-1.04,-2.68,-2.66
17.362,-1.03,-2.66,-2.65
17.376,-0.94,-2.64,-2.63
17.391,-0.9,-2.63,-2.61
17.405,-1.01,-2.61,-2.59
17.42,-0.96,-2.59,-2.57
17.434,-1.01,-2.57,-2.55
17.449,-0.96,-2.55,-2.54
17.463,-0.98,-2.53,-2.52
17.478,-0.96,-2.52,-2.5
17.492,-0.96,-2.5,-2.48
17.507,-0.98,-2.48,-2.47
17.521,-1.01,-2.46,-2.45
17.535,-1.01,-2.45,-2.43
17.55,-1.03,-2.43,-2.42
17.564,-1.04,-2.41,-2.4
17.579,-1.02,-2.4,-2.38
17.593,-0.94,-2.38,-2.37
17.608,-0.94,-2.37,-2.35
17.622,-0.98,-2.35,-2.34
17.637,-1.0,-2.33,-2.32
17.651,-0.99,-2.32,-2.3
17.666,-1.0,-2.3,-2.29
17.68,-0.97,-2.29,-2.27
17.695,-1.02,-2.27,-2.26
17.709,-1.05,-2.26,-2.24
17.724,-1.03,-2.24,-2.23
17.738,-0.94,-2.23,-2.21
17.753,-0.87,-2.21,-2.2
17.767,-0.91,-2.2,-2.18
17.782,-0.96,-2.18,-2.17
17.796,-0.99,-2.17,-2.15
17.811,-1.0,-2.15,-2.14
17.825,-1.03,-2.14,-2.13
17.84,-1.07,-2.13,-2.12
17.854,-1.04,-2.11,-2.1
17.869,-0.94,-2.1,-2.09
17.884,-0.95,-2.09,-2.08
17.898,-0.95,-2.07,-2.06
17.912,-0.96,-2.06,-2.05
17.927,-1.0,-2.05,-2.04
17.941,-1.0,-2.03,-2.02
17.955,-0.97,-2.02,-2.01
17.97,-0.98,-2.01,-2.0
17.984,-1.03,-2.0,-1.99
17.999,-1.02,-1.98,-1.97
18.013,-1.05,-1.97,-1.96
18.028,-0.99,-1.96,-1.95
18.042,-0.96,-1.95,-1.94
18.056,-0.99,-1.94,-1.93
18.071,-0.98,-1.93,-1.92
18.085,-0.95,-1.92,-1.91
18.1,-0.95,-1.9,-1.9
18.114,-0.96,-1.89,-1.88
18.129,-0.96,-1.88,-1.87
18.143,-0.99,-1.87,-1.86
18.158,-0.99,-1.86,-1.85
18.172,-0.96,-1.85,-1.84
18.186,-1.01,-1.84,-1.83
18.201,-1.02,-1.83,-1.82
18.215,-0.97,-1.82,-1.81
18.23,-1.0,-1.81,-1.8
18.244,-0.98,-1.8,-1.79
18.259,-1.0,-1.79,-1.78
18.273,-0.91,-1.78,-1.77
18.288,-0.89,-1.77,-1.76
18.302,-0.99,-1.76,-1.75
18.317,-0.98,-1.75,-1.74
18.331,-0.92,-1.74,-1.73
18.345,-0.95,-1.73,-1.72
18.36,-0.94,-1.72,-1.71
18.374,-0.97,-1.71,-1.7
18.393,-1.0,-1.7,-1.69
18.407,-0.96,-1.69,-1.68
18.422,-0.97,-1.68,-1.67
18.436,-0.96,-1.67,-1.66
18.451,-0.96,-1.66,-1.65
18.465,-0.96,-1.65,-1.64
18.48,-0.98,-1.64,-1.63
18.494,-0.97,-1.63,-1.62
18.509,-1.0,-1.62,-1.61
18.523,-1.02,-1.61,-1.61
18.538,-1.02,-1.61,-1.6
18.552,-0.96,-1.6,-1.59
18.567,-0.94,-1.59,-1.58
18.581,-0.94,-1.58,-1.58
18.596,-0.99,-1.57,-1.57
18.61,-1.01,-1.57,-1.56
18.625,-1.0,-1.56,-1.55
18.64,-1.01,-1.55,-1.55
18.654,-1.03,-1.54,-1.54
18.669,-0.94,-1.54,-1.53
18.683,-0.99,-1.53,-1.52
18.698,-0.97,-1.52,-1.52
18.712,-0.97,-1.51,-1.51
18.726,-0.81,-1.5,-1.5
18.741,-0.94,-1.5,-1.49
18.756,-0.95,-1.49,-1.48
18.77,-0.9,-1.48,-1.47
18.785,-0.72,-1.47,-1.46
18.799,-1.92,-1.45,-1.46
18.814,-3.1,-1.46,-1.47
18.828,0.12,-1.51,-1.49
18.842,0.87,-1.53,-1.51
18.857,-1.52,-1.53,-1.53
18.871,-0.42,-1.52,-1.51
18.886,-0.54,-1.49,-1.48
18.9,-0.48,-1.47,-1.46
18.914,-1.07,-1.46,-1.45
18.929,-1.15,-1.44,-1.44
18.943,-0.81,-1.43,-1.43
18.958,-0.69,-1.43,-1.42
18.972,-0.94,-1.43,-1.42
18.987,-0.95,-1.43,-1.42
19.001,-0.79,-1.43,-1.42
19.016,-0.71,-1.43,-1.42
19.03,-0.8,-1.41,-1.41
19.045,-1.29,-1.4,-1.39
19.059,-1.36,-1.4,-1.4
19.074,-1.21,-1.41,-1.41
19.088,-0.56,-1.41,-1.4
19.103,-0.03,-1.39,-1.37
19.117,-0.65,-1.34,-1.33
19.132,-1.52,-1.29,-1.29
19.146,-1.08,-1.26,-1.26
19.16,-0.51,-1.25,-1.24
19.175,-0.69,-1.23,-1.22
19.189,-1.54,-1.17,-1.17
19.203,-1.75,-1.11,-1.11
19.218,-1.31,-1.13,-1.13
19.232,-1.33,-1.18,-1.18
19.247,-1.28,-1.23,-1.23
19.262,-0.46,-1.26,-1.25
19.276,-0.11,-1.23,-1.22
19.29,-1.0,-1.17,-1.16
19.304,-1.94,-1.02,-1.03
19.319,-2.65,-0.86,-0.88
19.333,-2.99,-0.72,-0.74
19.348,-2.91,-0.67,-0.69
19.362,-2.18,-0.65,-0.66
19.377,-1.51,-0.6,-0.61
19.391,-1.67,-0.54,-0.55
19.406,-2.39,-0.54,-0.56
19.421,-3.7,-0.57,-0.61
19.435,-3.44,-0.56,-0.59
19.45,-1.86,-0.51,-0.53
19.464,-0.44,-0.45,-0.45
19.479,-2.22,-0.42,-0.44
19.493,-3.47,-0.5,-0.53
19.507,-2.51,-0.58,-0.6
19.522,1.13,-0.77,-0.75
19.536,2.15,-1.06,-1.03
19.55,-0.77,-1.45,-1.45
19.566,-0.92,-1.82,-1.81
19.582,-0.56,-2.08,-2.06
19.595,1.41,-2.2,-2.16
19.609,3.55,-2.24,-2.18
19.623,0.87,-2.2,-2.17
19.638,-1.0,-2.14,-2.13
19.652,-0.84,-2.1,-2.09
19.667,-1.98,-2.1,-2.1
19.681,-1.89,-2.17,-2.17
19.698,-2.29,-2.24,-2.24
19.712,-2.72,-2.16,-2.17
19.727,0.28,-1.99,-1.97
19.741,2.38,-1.79,-1.75
19.756,1.36,-1.61,-1.58
19.77,0.56,-1.5,-1.48
19.784,-0.3,-1.39,-1.38
19.799,-2.0,-1.34,-1.35
19.813,-3.47,-1.39,-1.41
19.828,-5.62,-1.54,-1.58
19.843,-5.03,-1.76,-1.8
19.858,2.6,-1.84,-1.8
19.872,1.68,-1.76,-1.72
19.886,2.63,-1.61,-1.56
19.901,5.14,-1.71,-1.65
19.915,-2.83,-1.93,-1.94
19.93,-4.6,-2.19,-2.22
19.944,-3.33,-2.4,-2.41
19.958,-2.39,-2.4,-2.4
19.973,6.9,-2.32,-2.23
19.987,4.66,-2.41,-2.34
20.001,2.7,-2.86,-2.81
20.016,1.78,-3.41,-3.36
20.03,1.53,-3.72,-3.67
20.044,1.65,-3.97,-3.91
20.059,2.32,-4.24,-4.18
20.073,2.87,-4.54,-4.47
20.087,3.31,-4.87,-4.79
20.102,4.23,-5.16,-5.07
20.116,3.7,-5.48,-5.39
20.13,2.63,-5.81,-5.72
20.145,4.38,-6.25,-6.14
20.159,7.22,-6.72,-6.58
20.174,5.8,-7.11,-6.98
20.189,-1.52,-7.52,-7.46
20.203,7.08,-8.21,-8.05
20.217,29.69,-9.44,-9.05
20.231,12.34,-9.98,-9.76
20.246,5.66,-9.68,-9.52
20.26,8.74,-9.41,-9.23
20.274,10.72,-9.23,-9.03
20.289,11.39,-9.02,-8.82
20.303,10.68,-8.79,-8.59
20.318,9.18,-8.54,-8.36
20.332,7.75,-8.3,-8.14
20.349,8.51,-8.08,-7.92
20.363,8.44,-7.9,-7.74
20.378,8.73,-7.74,-7.57
20.392,8.79,-7.59,-7.42
20.406,8.88,-7.43,-7.27
20.421,8.88,-7.27,-7.11
20.435,8.78,-7.11,-6.95
20.452,8.73,-6.95,-6.79
20.466,8.67,-6.79,-6.64
20.481,9.0,-6.64,-6.48
20.495,8.75,-6.49,-6.34
20.509,9.06,-6.34,-6.19
20.524,8.93,-6.18,-6.03
20.538,8.48,-6.02,-5.87
20.552,8.79,-5.87,-5.73
20.567,8.85,-5.73,-5.58
20.581,8.68,-5.58,-5.43
20.596,8.27,-5.43,-5.29
20.61,8.65,-5.31,-5.17
20.624,9.38,-5.2,-5.05
20.639,8.97,-5.06,-4.92
20.653,9.51,-4.91,-4.76
20.669,8.39,-4.73,-4.6
20.683,8.48,-4.58,-4.45
20.698,8.76,-4.44,-4.31
20.712,8.57,-4.28,-4.15
20.727,8.34,-4.12,-4.0
20.743,8.41,-3.99,-3.87
20.757,8.87,-3.87,-3.74
20.772,8.77,-3.74,-3.62
20.786,8.68,-3.62,-3.49
20.8,8.69,-3.49,-3.37
20.815,8.66,-3.37,-3.25
20.829,8.69,-3.24,-3.13
20.844,8.68,-3.12,-3.0
20.859,8.67,-3.0,-2.89
20.873,8.71,-2.88,-2.77
20.887,8.76,-2.76,-2.65
20.906,8.72,-2.64,-2.53
20.92,8.67,-2.53,-2.42
20.934,8.73,-2.41,-2.3
20.949,8.73,-2.3,-2.19
20.963,8.71,-2.19,-2.08
20.978,8.78,-2.07,-1.97
20.992,8.77,-1.96,-1.86
21.006,8.68,-1.85,-1.75
21.021,8.65,-1.75,-1.64
21.035,8.7,-1.64,-1.54
21.05,8.74,-1.54,-1.43
21.064,8.76,-1.43,-1.33
21.078,8.74,-1.33,-1.23
21.093,8.71,-1.23,-1.13
21.107,8.72,-1.12,-1.02
21.122,8.7,-1.02,-0.92
21.136,8.68,-0.92,-0.83
21.151,8.71,-0.82,-0.73
21.165,8.74,-0.73,-0.63
21.179,8.72,-0.63,-0.53
21.194,8.73,-0.53,-0.44
21.209,8.77,-0.44,-0.34
21.224,8.74,-0.34,-0.25
21.238,8.74,-0.25,-0.16
21.252,8.76,-0.16,-0.07
21.267,8.72,-0.07,0.02
21.281,8.68,0.02,0.11
21.295,8.63,0.11,0.2
21.309,8.75,0.2,0.29
21.323,8.8,0.29,0.37
21.338,8.63,0.37,0.46
21.354,8.62,0.46,0.54
21.368,8.75,0.54,0.62
21.383,8.74,0.63,0.71
21.397,8.71,0.71,0.79
21.411,8.7,0.79,0.87
21.425,8.7,0.87,0.95
21.439,8.7,0.95,1.03
21.453,8.67,1.03,1.11
21.467,8.75,1.11,1.19
21.481,8.81,1.19,1.27
21.496,8.69,1.27,1.34
21.51,8.66,1.34,1.42
21.524,8.67,1.42,1.49
21.538,8.69,1.49,1.57
21.553,8.73,1.57,1.64
21.571,8.73,1.64,1.71
21.585,8.75,1.72,1.79
21.6,8.77,1.79,1.86
21.614,8.67,1.86,1.93
21.628,8.66,1.93,2.0
21.643,8.69,2.0,2.07
21.657,8.74,2.07,2.14
21.671,8.73,2.14,2.2
21.685,8.69,2.21,2.27
21.7,8.68,2.27,2.34
21.714,8.7,2.34,2.4
21.728,8.73,2.4,2.47
21.742,8.69,2.47,2.53
21.756,8.7,2.53,2.59
21.771,8.73,2.6,2.66
21.785,8.71,2.66,2.72
21.799,8.69,2.72,2.78
21.813,8.63,2.78,2.84
21.828,8.69,2.84,2.9
21.842,8.72,2.9,2.96
21.856,8.71,2.97,3.02
21.87,8.71,3.02,3.08
21.884,8.66,3.08,3.14
21.899,8.62,3.14,3.2
21.913,8.63,3.2,3.25
21.927,8.65,3.26,3.31
21.941,8.65,3.31,3.37
21.956,8.68,3.37,3.42
21.97,8.71,3.42,3.47
21.984,8.66,3.48,3.53
21.998,8.65,3.53,3.58
22.013,8.68,3.58,3.63
22.027,8.73,3.64,3.69
22.041,8.72,3.69,3.74
22.056,8.73,3.74,3.79
22.07,8.75,3.79,3.84
22.084,8.72,3.84,3.89
22.098,8.66,3.89,3.94
22.114,8.68,3.94,3.99
22.128,8.73,3.99,4.04
22.142,8.74,4.04,4.09
22.157,8.73,4.09,4.14
22.171,8.71,4.14,4.18
22.185,8.71,4.18,4.23
22.2,8.72,4.23,4.28
22.214,8.7,4.28,4.32
22.228,8.71,4.32,4.37
22.242,8.77,4.37,4.41
22.257,8.77,4.41,4.46
22.271,8.7,4.46,4.5
22.285,8.69,4.5,4.55
22.299,8.73,4.55,4.59
22.314,8.76,4.59,4.63
22.328,8.73,4.64,4.68
22.342,8.71,4.68,4.72
22.357,8.69,4.72,4.76
22.371,8.69,4.76,4.8
22.385,8.69,4.8,4.84
22.399,8.7,4.84,4.88
22.413,8.72,4.89,4.92
22.427,8.69,4.93,4.96
22.442,8.65,4.97,5.0
22.456,8.7,5.0,5.04
22.47,8.73,5.04,5.08
22.485,8.75,5.08,5.12
22.499,8.76,5.12,5.16
22.513,8.78,5.16,5.2
22.527,8.73,5.2,5.23
22.541,8.69,5.23,5.27
22.556,8.7,5.27,5.3
22.57,8.65,5.31,5.34
22.584,8.67,5.34,5.38
22.598,8.68,5.38,5.41
22.612,8.67,5.41,5.45
22.627,8.68,5.45,5.48
22.641,8.73,5.48,5.52
22.659,8.81,5.52,5.55
22.673,8.66,5.55,5.58
22.687,8.66,5.59,5.62
22.702,8.63,5.62,5.65
22.716,8.64,5.65,5.68
22.73,8.69,5.69,5.72
22.745,8.74,5.72,5.75
22.759,8.7,5.75,5.78
22.773,8.64,5.78,5.81
22.787,8.69,5.81,5.84
22.802,8.71,5.84,5.87
22.816,8.73,5.87,5.9
22.83,8.73,5.91,5.93
22.844,8.71,5.94,5.96
22.859,8.72,5.97,5.99
22.875,8.72,6.0,6.02
22.89,8.73,6.02,6.05
22.904,8.74,6.05,6.08
22.918,8.77,6.08,6.11
22.932,8.81,6.11,6.14
22.947,8.8,6.14,6.17
22.961,8.65,6.17,6.19
22.975,8.65,6.2,6.22
22.989,8.81,6.22,6.25
23.004,8.82,6.25,6.28
23.018,8.75,6.28,6.3
23.032,8.72,6.3,6.33
23.046,8.69,6.33,6.35
23.061,8.7,6.36,6.38
23.075,8.69,6.38,6.4
23.089,8.67,6.41,6.43
23.103,8.71,6.43,6.45
23.118,8.76,6.46,6.48
23.132,8.76,6.48,6.5
23.146,8.73,6.5,6.53
23.16,8.68,6.53,6.55
23.174,8.68,6.55,6.57
23.188,8.72,6.58,6.6
23.203,8.75,6.6,6.62
23.217,8.69,6.62,6.64
23.231,8.65,6.64,6.66
23.245,8.67,6.67,6.69
23.259,8.69,6.69,6.71
23.274,8.66,6.71,6.73
23.288,8.75,6.73,6.75
23.302,8.78,6.75,6.77
23.317,8.72,6.77,6.79
23.331,8.69,6.79,6.81
23.345,8.75,6.81,6.83
23.359,8.8,6.84,6.86
23.374,8.75,6.86,6.88
23.388,8.7,6.88,6.9
23.402,8.68,6.9,6.92
23.418,8.68,6.92,6.93
23.432,8.7,6.94,6.95
23.446,8.7,6.96,6.97
23.46,8.71,6.97,6.99
23.474,8.68,6.99,7.01
23.489,8.69,7.01,7.03
23.503,8.73,7.03,7.05
23.517,8.71,7.05,7.07
23.531,8.69,7.07,7.08
23.545,8.7,7.09,7.1
23.56,8.69,7.1,7.12
23.574,8.71,7.12,7.14
23.588,8.72,7.14,7.16
23.602,8.76,7.16,7.17
23.617,8.73,7.18,7.19
23.631,8.68,7.2,7.21
23.645,8.7,7.21,7.23
23.661,8.71,7.23,7.24
23.675,8.68,7.24,7.26
23.689,8.67,7.26,7.27
23.703,8.71,7.28,7.29
23.718,8.73,7.29,7.31
23.732,8.81,7.31,7.32
23.746,8.8,7.32,7.34
23.76,8.69,7.34,7.35
23.775,8.65,7.36,7.37
23.789,8.64,7.37,7.38
23.803,8.69,7.39,7.4
23.818,8.73,7.4,7.41
23.832,8.7,7.42,7.43
23.846,8.68,7.43,7.44
23.861,8.68,7.45,7.46
23.875,8.7,7.46,7.47
23.889,8.73,7.47,7.49
23.903,8.73,7.49,7.5
23.917,8.75,7.5,7.52
23.931,8.76,7.52,7.53
23.945,8.74,7.53,7.55
23.959,8.69,7.55,7.56
23.974,8.75,7.56,7.57
23.988,8.73,7.57,7.59
24.002,8.74,7.59,7.6
24.016,8.72,7.6,7.61
24.031,8.69,7.62,7.63
24.044,8.72,7.63,7.64
24.059,8.77,7.64,7.65
24.073,8.72,7.65,7.67
24.087,8.66,7.67,7.68
24.102,8.66,7.68,7.69
24.116,8.67,7.69,7.7
24.13,8.65,7.7,7.71
24.145,8.68,7.71,7.72
24.159,8.74,7.72,7.73
24.173,8.74,7.74,7.75
24.187,8.69,7.75,7.76
24.201,8.65,7.76,7.77
24.216,8.73,7.77,7.78
24.23,8.75,7.78,7.79
24.244,8.72,7.79,7.8
24.258,8.72,7.81,7.82
24.272,8.75,7.82,7.83
24.289,8.68,7.83,7.84
24.303,8.68,7.84,7.85
24.317,8.68,7.85,7.86
24.331,8.7,7.86,7.87
24.345,8.66,7.87,7.88
24.359,8.66,7.88,7.89
24.374,8.68,7.89,7.9
24.388,8.69,7.9,7.91
24.402,8.69,7.91,7.92
24.416,8.73,7.92,7.93
24.43,8.73,7.93,7.94
24.445,8.71,7.94,7.95
24.459,8.7,7.95,7.96
24.473,8.7,7.96,7.97
24.487,8.67,7.97,7.98
24.501,8.7,7.98,7.99
24.515,8.73,7.99,8.0
24.529,8.66,8.0,8.0
24.543,8.69,8.01,8.01
24.558,8.72,8.01,8.02
24.572,8.7,8.02,8.03
24.586,8.67,8.03,8.04
24.6,8.68,8.04,8.05
24.614,8.73,8.05,8.06
24.629,8.76,8.06,8.06
24.643,8.72,8.07,8.07
24.657,8.72,8.07,8.08
24.671,8.72,8.08,8.09
24.685,8.71,8.09,8.1
24.699,8.67,8.1,8.1
24.714,8.72,8.11,8.11
24.728,8.73,8.11,8.12
24.742,8.72,8.12,8.13
24.757,8.7,8.13,8.13
24.771,8.66,8.14,8.14
24.785,8.67,8.14,8.15
24.799,8.74,8.15,8.16
24.813,8.7,8.16,8.16
24.827,8.69,8.17,8.17
24.842,8.69,8.17,8.18
24.856,8.68,8.18,8.18
24.87,8.71,8.18,8.19
24.884,8.68,8.19,8.2
24.898,8.71,8.2,8.2
24.913,8.73,8.2,8.21
24.927,8.74,8.21,8.22
24.941,8.73,8.22,8.22
24.955,8.71,8.23,8.23
24.97,8.64,8.23,8.24
24.984,8.7,8.24,8.24
24.998,8.8,8.25,8.25
25.012,8.74,8.25,8.26
25.027,8.65,8.26,8.26
25.041,8.65,8.26,8.27
25.057,8.7,8.27,8.27
25.072,8.73,8.28,8.28
25.086,8.7,8.28,8.29
25.1,8.7,8.29,8.29
25.114,8.72,8.3,8.3
25.128,8.69,8.3,8.31
25.143,8.7,8.31,8.31
25.157,8.73,8.32,8.32
25.171,8.73,8.32,8.33
25.185,8.71,8.33,8.33
25.2,8.67,8.33,8.34
25.214,8.67,8.34,8.34
25.228,8.68,8.34,8.35
25.242,8.71,8.35,8.35
25.257,8.76,8.35,8.36
25.271,8.71,8.36,8.36
25.285,8.66,8.37,8.37
25.299,8.67,8.37,8.37
25.313,8.68,8.38,8.38
25.327,8.69,8.38,8.39
25.342,8.7,8.39,8.39
25.356,8.72,8.39,8.4
25.37,8.71,8.4,8.4
25.384,8.65,8.4,8.41
25.398,8.7,8.41,8.41
25.412,8.76,8.41,8.42
25.427,8.71,8.42,8.42
25.441,8.65,8.42,8.42
25.455,8.68,8.42,8.43
25.469,8.69,8.43,8.43
25.483,8.68,8.43,8.44
25.502,8.73,8.44,8.44
25.516,8.71,8.44,8.44
25.53,8.68,8.45,8.45
25.545,8.65,8.45,8.45
25.559,8.65,8.46,8.46
25.573,8.74,8.46,8.46
25.587,8.79,8.46,8.47
25.602,8.75,8.47,8.47
25.616,8.69,8.47,8.48
25.631,8.69,8.48,8.48
25.645,8.7,8.48,8.48
25.659,8.69,8.48,8.49
25.673,8.72,8.49,8.49
25.687,8.73,8.49,8.5
25.702,8.67,8.5,8.5
25.716,8.66,8.5,8.51
25.73,8.64,8.51,8.51
25.744,8.67,8.51,8.51
25.759,8.66,8.51,8.52
25.773,8.69,8.52,8.52
25.787,8.75,8.52,8.52
25.802,8.73,8.52,8.53
25.816,8.72,8.53,8.53
25.83,8.69,8.53,8.53
25.844,8.73,8.54,8.54
25.859,8.69,8.54,8.54
25.873,8.69,8.54,8.55
25.887,8.67,8.55,8.55
25.901,8.65,8.55,8.55
25.915,8.72,8.55,8.56
25.931,8.79,8.56,8.56
25.944,8.78,8.56,8.56
25.958,8.71,8.57,8.57
25.972,8.69,8.57,8.57
25.987,8.69,8.57,8.57
26.001,8.7,8.58,8.58
26.015,8.75,8.58,8.58
26.029,8.76,8.58,8.59
26.043,8.71,8.59,8.59
26.057,8.67,8.59,8.59
26.072,8.68,8.59,8.59
26.086,8.7,8.6,8.6
26.1,8.73,8.6,8.6
26.114,8.69,8.6,8.6
26.129,8.7,8.61,8.61
26.143,8.7,8.61,8.61
26.157,8.67,8.61,8.61
26.172,8.68,8.62,8.62
26.186,8.71,8.62,8.62
26.2,8.74,8.62,8.62
26.214,8.77,8.62,8.62
26.229,8.77,8.63,8.63
26.243,8.62,8.63,8.63
26.259,8.62,8.63,8.63
26.273,8.77,8.63,8.64
26.288,8.79,8.64,8.64
26.302,8.77,8.64,8.64
26.316,8.73,8.65,8.65
26.33,8.71,8.65,8.65
26.344,8.73,8.65,8.65
26.359,8.74,8.65,8.66
26.373,8.72,8.66,8.66
26.387,8.73,8.66,8.66
26.401,8.7,8.66,8.66
26.416,8.73,8.67,8.67
26.43,8.7,8.67,8.67
26.444,8.69,8.67,8.67
26.458,8.71,8.67,8.67
26.472,8.74,8.68,8.68
26.487,8.71,8.68,8.68
26.501,8.66,8.68,8.68
26.515,8.67,8.68,8.68
26.529,8.72,8.69,8.69
26.543,8.75,8.69,8.69
26.557,8.71,8.69,8.69
26.571,8.72,8.7,8.7
26.585,8.76,8.7,8.7
26.6,8.72,8.7,8.7
26.614,8.74,8.7,8.71
26.628,8.76,8.71,8.71
26.643,8.74,8.71,8.71
26.657,8.73,8.71,8.71
26.671,8.69,8.71,8.71
26.685,8.65,8.72,8.71
26.699,8.69,8.72,8.72
26.713,8.72,8.72,8.72
26.728,8.69,8.72,8.72
26.742,8.65,8.72,8.72
26.756,8.63,8.72,8.72
26.771,8.66,8.72,8.72
26.785,8.72,8.72,8.72
26.799,8.73,8.73,8.73
26.814,8.74,8.73,8.73
26.828,8.71,8.73,8.73
26.842,8.71,8.73,8.73
26.857,8.71,8.73,8.73
26.871,8.71,8.73,8.73
26.885,8.79,8.74,8.74
26.899,8.81,8.74,8.74
26.913,8.8,8.74,8.74
26.928,8.74,8.74,8.74
26.942,8.72,8.75,8.75
26.956,8.68,8.75,8.75
26.97,8.71,8.75,8.75
26.985,8.72,8.75,8.75
26.999,8.7,8.75,8.75
27.013,8.72,8.75,8.75
27.027,8.75,8.75,8.75
27.041,8.7,8.76,8.75
27.056,8.7,8.76,8.76
27.07,8.74,8.76,8.76
27.084,8.68,8.76,8.76
27.098,8.71,8.76,8.76
27.112,8.73,8.76,8.76
27.129,8.74,8.76,8.76
27.143,8.73,8.76,8.76
27.157,8.72,8.77,8.77
27.171,8.69,8.77,8.77
27.185,8.66,8.77,8.77
27.2,8.68,8.77,8.77
27.214,8.71,8.77,8.77
27.228,8.73,8.78,8.78
27.242,8.73,8.78,8.78
27.256,8.7,8.78,8.78
27.271,8.69,8.78,8.78
27.285,8.65,8.78,8.78
27.299,8.66,8.78,8.78
27.314,8.73,8.78,8.78
27.328,8.72,8.78,8.78
27.342,8.71,8.78,8.78
27.357,8.69,8.78,8.78
27.371,8.74,8.78,8.78
27.385,8.78,8.79,8.79
27.399,8.72,8.79,8.79
27.414,8.68,8.79,8.79
27.428,8.69,8.79,8.79
27.442,8.69,8.79,8.79
27.456,8.71,8.79,8.79
27.47,8.76,8.79,8.79
27.484,8.76,8.79,8.79
27.498,8.69,8.79,8.79
27.513,8.72,8.79,8.79
27.527,8.76,8.8,8.8
27.541,8.76,8.8,8.8
27.555,8.77,8.8,8.8
27.569,8.66,8.8,8.8
27.583,8.67,8.8,8.8
27.598,8.69,8.8,8.8
27.612,8.72,8.8,8.8
27.626,8.78,8.8,8.8
27.64,8.78,8.8,8.8
27.654,8.75,8.8,8.8
27.67,8.69,8.8,8.8
27.685,8.67,8.81,8.8
27.699,8.68,8.81,8.81
27.713,8.61,8.81,8.81
27.727,8.7,8.81,8.81
27.741,8.76,8.81,8.81
27.756,8.77,8.81,8.81
27.77,8.76,8.81,8.81
27.784,8.73,8.81,8.81
27.798,8.75,8.81,8.81
27.812,8.75,8.81,8.81
27.826,8.68,8.82,8.81
27.841,8.7,8.82,8.81
27.855,8.69,8.82,8.81
27.869,8.69,8.82,8.82
27.883,8.67,8.82,8.82
27.898,8.67,8.82,8.82
27.912,8.7,8.82,8.82
27.926,8.72,8.82,8.82
27.94,8.73,8.82,8.82
27.955,8.75,8.82,8.82
27.969,8.72,8.82,8.82
27.983,8.73,8.83,8.82
27.997,8.75,8.83,8.83
28.011,8.74,8.83,8.83
28.026,8.71,8.83,8.83
28.04,8.72,8.83,8.83
28.054,8.72,8.83,8.83
28.068,8.7,8.83,8.83
28.083,8.66,8.83,8.83
28.097,8.69,8.83,8.83
28.112,8.75,8.83,8.83
28.126,8.74,8.83,8.83
28.141,8.68,8.83,8.83
28.155,8.73,8.83,8.83
28.169,8.74,8.84,8.83
28.183,8.7,8.84,8.83
28.198,8.66,8.84,8.83
28.212,8.63,8.84,8.83
28.226,8.64,8.84,8.83
28.24,8.75,8.84,8.84
28.255,8.76,8.84,8.84
28.269,8.67,8.84,8.84
28.283,8.69,8.84,8.84
28.298,8.69,8.84,8.84
28.312,8.66,8.84,8.84
28.33,8.71,8.85,8.84
28.344,8.75,8.85,8.85
28.359,8.76,8.85,8.85
28.373,8.72,8.85,8.85
28.387,8.67,8.85,8.85
28.401,8.74,8.85,8.85
28.415,8.72,8.85,8.85
28.429,8.72,8.85,8.85
28.444,8.72,8.85,8.85
28.458,8.71,8.85,8.85
28.472,8.69,8.85,8.85
28.486,8.66,8.85,8.85
28.501,8.62,8.85,8.85
28.515,8.68,8.85,8.85
28.529,8.77,8.85,8.85
28.543,8.72,8.85,8.85
28.557,8.67,8.86,8.85
28.572,8.68,8.86,8.86
28.586,8.7,8.86,8.86
28.6,8.72,8.86,8.86
28.615,8.71,8.86,8.85
28.629,8.72,8.86,8.85
28.643,8.71,8.86,8.86
28.657,8.7,8.86,8.86
28.672,8.67,8.86,8.86
28.686,8.65,8.86,8.86
28.7,8.71,8.86,8.86
28.715,8.75,8.86,8.86
28.729,8.73,8.86,8.86
28.743,8.74,8.86,8.86
28.758,8.66,8.86,8.86
28.772,8.65,8.86,8.86
28.786,8.73,8.86,8.86
28.8,8.69,8.86,8.86
28.814,8.75,8.86,8.86
28.828,8.7,8.86,8.86
28.843,8.71,8.86,8.86
28.857,8.69,8.86,8.86
28.871,8.68,8.86,8.86
28.886,8.73,8.86,8.86
28.9,8.71,8.86,8.86
28.914,8.7,8.86,8.86
28.928,8.72,8.86,8.86
28.943,8.71,8.87,8.86
28.957,8.69,8.87,8.86
28.971,8.63,8.87,8.86
28.985,8.69,8.86,8.86
29.0,8.72,8.87,8.86
29.014,8.71,8.87,8.87
29.028,8.71,8.87,8.87
29.042,8.78,8.87,8.87
29.056,8.74,8.87,8.87
29.071,8.64,8.87,8.87
29.085,8.66,8.87,8.87
29.099,8.72,8.87,8.87
29.113,8.75,8.87,8.87
29.128,8.75,8.87,8.87
29.142,8.72,8.87,8.87
29.156,8.73,8.87,8.87
29.171,8.72,8.87,8.87
29.185,8.75,8.87,8.87
29.199,8.72,8.87,8.87
29.213,8.7,8.87,8.87
29.228,8.74,8.87,8.87
29.242,8.7,8.88,8.87
29.256,8.7,8.88,8.87
29.271,8.72,8.88,8.87
29.285,8.72,8.88,8.87
29.299,8.66,8.88,8.87
29.314,8.63,8.88,8.87
29.328,8.73,8.88,8.88
29.342,8.72,8.88,8.88
29.356,8.68,8.88,8.87
29.37,8.64,8.88,8.87
29.384,8.67,8.88,8.87
29.399,8.69,8.88,8.88
29.413,8.72,8.88,8.88
29.427,8.79,8.88,8.88
29.441,8.77,8.88,8.88
29.455,8.72,8.88,8.88
29.47,8.67,8.88,8.88
29.484,8.76,8.88,8.88
29.498,8.75,8.88,8.88
29.512,8.73,8.88,8.88
29.526,8.7,8.88,8.88
29.541,8.7,8.88,8.88
29.555,8.67,8.88,8.88
29.569,8.67,8.88,8.88
29.583,8.69,8.88,8.88
29.598,8.69,8.88,8.88
29.611,8.7,8.88,8.88
29.626,8.68,8.88,8.88
29.64,8.64,8.88,8.88
29.654,8.67,8.88,8.88
29.669,8.67,8.88,8.88
29.683,8.71,8.88,8.88
29.697,8.74,8.88,8.88
29.711,8.71,8.88,8.88
29.725,8.66,8.88,8.88
29.741,8.68,8.88,8.88
29.755,8.72,8.88,8.88
29.769,8.75,8.88,8.88
29.783,8.71,8.88,8.88
29.798,8.69,8.88,8.88
29.812,8.71,8.88,8.88
29.826,8.73,8.88,8.88
29.84,8.75,8.88,8.88
29.854,8.76,8.88,8.88
29.869,8.74,8.88,8.88
29.883,8.7,8.88,8.88
29.897,8.67,8.88,8.88
29.911,8.67,8.88,8.88
29.925,8.69,8.88,8.88
29.939,8.7,8.88,8.88
29.954,8.74,8.88,8.88
29.968,8.69,8.88,8.88
29.982,8.7,8.88,8.88
29.997,8.72,8.88,8.88
30.011,8.74,8.88,8.88
30.025,8.72,8.88,8.88
30.039,8.74,8.89,8.88
30.053,8.71,8.89,8.88
30.068,8.72,8.89,8.88
30.085,8.71,8.89,8.89
30.099,8.71,8.89,8.89
30.113,8.75,8.89,8.89
30.128,8.74,8.89,8.89
30.142,8.65,8.89,8.89
30.156,8.67,8.89,8.89
30.17,8.69,8.89,8.89
30.184,8.73,8.89,8.89
30.199,8.71,8.89,8.89
30.213,8.68,8.89,8.89
30.227,8.68,8.89,8.89
30.242,8.71,8.89,8.89
30.256,8.72,8.89,8.89
30.27,8.74,8.89,8.89
30.284,8.71,8.89,8.89
30.299,8.67,8.89,8.89
30.314,8.71,8.89,8.89
30.328,8.72,8.89,8.89
30.342,8.7,8.89,8.89
30.356,8.72,8.89,8.89
30.37,8.74,8.89,8.89
30.385,8.73,8.89,8.89
30.399,8.7,8.89,8.89
30.413,8.72,8.89,8.89
30.427,8.7,8.89,8.89
30.441,8.67,8.89,8.89
30.455,8.69,8.89,8.89
30.47,8.71,8.89,8.89
30.484,8.71,8.89,8.89
30.498,8.75,8.9,8.89
30.513,8.75,8.9,8.89
30.527,8.71,8.9,8.89
30.541,8.74,8.9,8.89
30.555,8.72,8.89,8.89
30.57,8.67,8.89,8.89
30.584,8.65,8.89,8.89
30.598,8.69,8.89,8.89
30.612,8.74,8.89,8.89
30.626,8.8,8.89,8.89
30.641,8.75,8.9,8.89
30.655,8.68,8.9,8.89
30.669,8.69,8.9,8.89
30.683,8.75,8.9,8.89
30.698,8.72,8.9,8.89
30.712,8.71,8.89,8.89
30.726,8.75,8.89,8.89
30.74,8.76,8.9,8.89
30.755,8.67,8.9,8.89
30.769,8.7,8.9,8.89
30.783,8.75,8.9,8.89
30.798,8.71,8.9,8.89
30.812,8.75,8.9,8.89
30.826,8.75,8.89,8.89
30.84,8.68,8.89,8.89
30.854,8.69,8.89,8.89
30.869,8.72,8.89,8.89
30.883,8.74,8.89,8.89
30.898,8.74,8.89,8.89
30.912,8.74,8.89,8.89
30.926,8.72,8.89,8.89
30.94,8.69,8.9,8.89
30.954,8.69,8.9,8.89
30.969,8.72,8.9,8.89
30.983,8.72,8.9,8.9
30.997,8.72,8.9,8.9
31.011,8.71,8.9,8.89
31.026,8.73,8.9,8.9
31.04,8.74,8.9,8.9
31.054,8.73,8.9,8.9
31.068,8.71,8.9,8.9
31.082,8.65,8.9,8.9
31.097,8.67,8.9,8.9
31.111,8.73,8.9,8.9
31.125,8.74,8.9,8.9
31.139,8.68,8.9,8.9
31.153,8.72,8.9,8.9
31.167,8.75,8.9,8.9
31.182,8.72,8.9,8.9
31.196,8.7,8.9,8.9
31.21,8.69,8.9,8.9
31.224,8.71,8.9,8.9
31.239,8.7,8.9,8.9
31.253,8.72,8.9,8.9
31.267,8.69,8.9,8.9
31.282,8.69,8.9,8.9
31.296,8.74,8.9,8.9
31.31,8.74,8.9,8.9
31.325,8.7,8.9,8.9
31.339,8.66,8.9,8.9
31.353,8.66,8.9,8.9
31.368,8.67,8.9,8.9
31.382,8.7,8.9,8.9
31.396,8.79,8.9,8.9
31.412,8.78,8.9,8.9
31.426,8.68,8.9,8.9
31.44,8.66,8.9,8.9
31.454,8.73,8.9,8.9
31.469,8.72,8.9,8.9
31.483,8.68,8.9,8.9
31.497,8.73,8.9,8.9
31.511,8.74,8.9,8.9
31.526,8.72,8.9,8.9
31.54,8.71,8.9,8.9
31.554,8.72,8.9,8.9
31.568,8.71,8.9,8.9
31.582,8.66,8.9,8.9
31.596,8.67,8.9,8.9
31.611,8.75,8.9,8.9
31.625,8.8,8.9,8.9
31.639,8.75,8.9,8.9
31.653,8.71,8.9,8.9
31.667,8.72,8.9,8.89
31.681,8.68,8.9,8.89
31.696,8.7,8.9,8.89
31.71,8.72,8.9,8.89
31.724,8.76,8.9,8.89
31.743,8.75,8.9,8.9
31.757,8.7,8.9,8.9
31.772,8.73,8.9,8.9
31.786,8.7,8.9,8.9
31.8,8.73,8.9,8.9
31.814,8.7,8.9,8.9
31.828,8.66,8.9,8.9
31.843,8.63,8.9,8.89
31.857,8.64,8.9,8.89
31.872,8.72,8.9,8.9
31.886,8.74,8.9,8.9
31.901,8.67,8.9,8.9
31.915,8.7,8.9,8.9
31.929,8.66,8.9,8.89
31.944,8.64,8.9,8.89
31.958,8.71,8.9,8.89
31.972,8.74,8.9,8.89
31.986,8.77,8.9,8.89
32.0,8.76,8.9,8.89
32.015,8.76,8.9,8.9
32.029,8.69,8.9,8.89
32.043,8.68,8.9,8.9
32.058,8.66,8.9,8.9
32.072,8.66,8.9,8.89
32.086,8.72,8.9,8.9
32.101,8.71,8.9,8.9
32.115,8.69,8.9,8.9
32.129,8.69,8.9,8.9
32.144,8.71,8.9,8.89
32.158,8.71,8.9,8.9
32.173,8.71,8.9,8.9
32.187,8.72,8.9,8.9
32.202,8.72,8.9,8.89
32.216,8.81,8.9,8.89
32.23,8.79,8.9,8.9
32.244,8.73,8.9,8.9
32.259,8.72,8.9,8.9
32.273,8.71,8.9,8.9
32.287,8.7,8.9,8.9
32.301,8.72,8.9,8.9
32.316,8.72,8.9,8.9
32.33,8.74,8.9,8.9
32.344,8.76,8.9,8.9
32.358,8.73,8.9,8.9
32.373,8.69,8.9,8.9
32.388,8.72,8.9,8.9
32.402,8.74,8.9,8.9
32.417,8.71,8.9,8.9
32.431,8.7,8.9,8.9
32.445,8.69,8.9,8.9
32.459,8.65,8.9,8.9
32.473,8.69,8.9,8.9
32.488,8.69,8.9,8.9
32.502,8.67,8.9,8.9
32.516,8.75,8.9,8.9
32.53,8.77,8.9,8.9
32.544,8.66,8.9,8.9
32.558,8.7,8.9,8.9
32.573,8.73,8.9,8.9
32.587,8.73,8.9,8.9
32.601,8.68,8.9,8.9
32.615,8.69,8.9,8.9
32.629,8.75,8.9,8.9
32.644,8.75,8.9,8.9
32.658,8.73,8.9,8.9
32.672,8.72,8.9,8.9
32.686,8.7,8.9,8.9
32.701,8.7,8.9,8.9
32.717,8.71,8.9,8.9
32.731,8.76,8.9,8.9
32.745,8.74,8.9,8.9
32.76,8.67,8.9,8.9
32.774,8.71,8.9,8.9
32.788,8.76,8.9,8.9
32.802,8.75,8.9,8.9
32.816,8.74,8.9,8.9
32.83,8.65,8.91,8.9
32.844,8.66,8.9,8.9
32.859,8.64,8.9,8.9
32.873,8.62,8.9,8.9
32.887,8.73,8.9,8.9
32.902,8.71,8.9,8.9
32.916,8.7,8.9,8.9
32.932,8.69,8.9,8.9
32.946,8.68,8.9,8.9
32.961,8.72,8.9,8.9
32.975,8.73,8.9,8.9
32.989,8.66,8.9,8.9
33.003,8.67,8.9,8.9
33.017,8.68,8.9,8.9
33.032,8.69,8.9,8.9
33.046,8.62,8.9,8.9
33.06,8.64,8.9,8.9
33.074,8.7,8.9,8.9
33.088,8.75,8.9,8.9
33.103,8.73,8.9,8.9
33.117,8.7,8.9,8.9
33.131,8.69,8.9,8.9
33.146,8.76,8.9,8.9
33.16,8.78,8.9,8.9
33.174,8.66,8.9,8.9
33.188,8.65,8.9,8.9
33.203,8.67,8.9,8.9
33.217,8.72,8.9,8.9
33.231,8.72,8.9,8.9
33.245,8.72,8.9,8.9
33.26,8.7,8.9,8.9
33.274,8.71,8.9,8.9
33.288,8.72,8.9,8.9
33.302,8.75,8.9,8.9
33.316,8.74,8.9,8.9
33.331,8.73,8.9,8.9
33.345,8.74,8.9,8.9
33.359,8.73,8.9,8.9
33.373,8.64,8.9,8.9
33.387,8.68,8.9,8.9
33.402,8.79,8.9,8.9
33.416,8.75,8.9,8.9
33.43,8.75,8.9,8.9
33.444,8.72,8.9,8.9
33.458,8.76,8.9,8.9
33.473,8.72,8.91,8.9
33.487,8.66,8.91,8.9
33.502,8.69,8.91,8.9
33.516,8.77,8.91,8.91
33.531,8.75,8.91,8.91
33.545,8.67,8.91,8.9
33.559,8.62,8.91,8.9
33.574,8.66,8.91,8.9
33.588,8.72,8.91,8.9
33.602,8.74,8.91,8.9
33.616,8.69,8.91,8.9
33.631,8.69,8.91,8.9
33.645,8.7,8.91,8.9
33.66,8.68,8.91,8.9
33.674,8.74,8.91,8.9
33.688,8.71,8.91,8.9
33.702,8.7,8.91,8.9
33.716,8.74,8.91,8.9
33.73,8.7,8.91,8.9
33.744,8.68,8.91,8.9
33.759,8.68,8.91,8.9
33.773,8.69,8.91,8.9
33.788,8.67,8.91,8.9
33.802,8.66,8.9,8.9
33.816,8.68,8.9,8.9
33.831,8.74,8.91,8.9
33.845,8.73,8.91,8.9
33.859,8.71,8.91,8.9
33.873,8.73,8.91,8.9
33.888,8.74,8.91,8.9
33.902,8.73,8.91,8.9
33.917,8.74,8.91,8.9
33.931,8.75,8.91,8.91
33.945,8.74,8.91,8.91
33.959,8.81,8.91,8.91
33.973,8.78,8.91,8.91
33.988,8.7,8.91,8.91
34.002,8.71,8.91,8.9
34.016,8.77,8.91,8.91
34.03,8.8,8.91,8.91
34.044,8.73,8.91,8.9
34.059,8.72,8.91,8.9
34.073,8.69,8.91,8.9
34.087,8.64,8.91,8.9
34.101,8.68,8.9,8.9
34.115,8.78,8.91,8.9
34.129,8.78,8.9,8.9
34.143,8.73,8.9,8.9
34.157,8.71,8.9,8.9
34.172,8.66,8.91,8.9
34.186,8.71,8.9,8.9
34.2,8.72,8.9,8.9
34.214,8.75,8.91,8.9
34.229,8.71,8.91,8.9
34.243,8.72,8.91,8.9
34.257,8.68,8.91,8.9
34.272,8.64,8.91,8.9
34.286,8.71,8.91,8.9
34.3,8.76,8.91,8.9
34.314,8.74,8.91,8.9
34.328,8.71,8.91,8.9
34.345,8.71,8.91,8.9
34.359,8.69,8.91,8.9
34.373,8.78,8.91,8.9
34.388,8.77,8.91,8.9
34.403,8.71,8.91,8.91
34.417,8.74,8.91,8.91
34.431,8.73,8.91,8.91
34.446,8.69,8.91,8.91
34.459,8.71,8.91,8.91
34.473,8.74,8.91,8.91
34.487,8.74,8.91,8.9
34.501,8.68,8.91,8.9
34.516,8.7,8.91,8.9
34.53,8.75,8.91,8.91
34.544,8.75,8.91,8.91
34.559,8.71,8.91,8.9
34.573,8.7,8.91,8.9
34.587,8.72,8.91,8.9
34.601,8.76,8.91,8.9
34.616,8.72,8.91,8.9
34.63,8.75,8.91,8.9
34.644,8.73,8.91,8.9
34.658,8.76,8.91,8.91
34.672,8.77,8.91,8.91
34.686,8.76,8.91,8.91
34.701,8.66,8.91,8.91
34.715,8.69,8.91,8.91
34.729,8.77,8.91,8.91
34.743,8.73,8.91,8.91
34.757,8.77,8.91,8.91
34.771,8.76,8.91,8.91
34.786,8.7,8.91,8.91
34.8,8.71,8.91,8.91
34.815,8.75,8.91,8.91
34.829,8.71,8.91,8.91
34.843,8.69,8.91,8.91
34.857,8.75,8.91,8.91
34.872,8.73,8.91,8.91
34.886,8.72,8.91,8.91
34.9,8.73,8.91,8.91
34.914,8.69,8.91,8.91
34.929,8.71,8.91,8.91
34.943,8.7,8.91,8.91
34.957,8.68,8.91,8.91
34.971,8.73,8.91,8.91
34.986,8.78,8.91,8.91
35.0,8.78,8.91,8.91
35.014,8.72,8.91,8.91
35.029,8.62,8.91,8.91
35.043,8.63,8.91,8.91
35.057,8.72,8.91,8.91
35.072,8.8,8.91,8.91
35.086,8.74,8.91,8.91
35.1,8.71,8.91,8.91
35.114,8.69,8.91,8.91
35.129,8.66,8.91,8.91
35.143,8.66,8.91,8.91
35.157,8.68,8.91,8.91
35.171,8.7,8.91,8.9
35.186,8.75,8.91,8.91
35.2,8.69,8.91,8.91
35.214,8.68,8.91,8.91
35.228,8.71,8.91,8.91
35.243,8.75,8.91,8.91
35.257,8.73,8.91,8.91
35.272,8.68,8.91,8.91
35.286,8.68,8.91,8.91
35.3,8.73,8.91,8.91
35.314,8.73,8.91,8.91
35.328,8.69,8.91,8.91
35.343,8.67,8.91,8.91
35.357,8.67,8.91,8.91
35.371,8.72,8.91,8.91
35.385,8.77,8.91,8.91
35.4,8.73,8.91,8.91
35.414,8.71,8.91,8.9
35.428,8.71,8.91,8.9
35.442,8.72,8.91,8.9
35.456,8.76,8.91,8.9
35.471,8.69,8.91,8.9
35.485,8.66,8.9,8.9
35.5,8.72,8.9,8.9
35.514,8.67,8.9,8.9
35.528,8.7,8.9,8.9
35.542,8.76,8.9,8.9
35.556,8.78,8.91,8.9
35.571,8.73,8.91,8.9
35.585,8.7,8.91,8.91
35.599,8.69,8.91,8.91
35.613,8.69,8.91,8.91
35.628,8.72,8.91,8.91
35.642,8.68,8.91,8.91
35.656,8.68,8.91,8.91
35.67,8.69,8.91,8.91
35.684,8.7,8.91,8.91
35.699,8.71,8.91,8.91
35.713,8.69,8.91,8.91
35.727,8.67,8.91,8.91
35.742,8.69,8.91,8.9
35.756,8.74,8.91,8.9
35.771,8.72,8.91,8.9
35.785,8.76,8.91,8.9
35.799,8.74,8.91,8.9
35.813,8.7,8.91,8.9
35.827,8.69,8.91,8.9
35.842,8.72,8.91,8.91
35.856,8.71,8.91,8.91
35.87,8.67,8.91,8.91
35.884,8.67,8.91,8.9
35.899,8.72,8.91,8.9
35.913,8.75,8.91,8.9
35.927,8.74,8.91,8.9
35.942,8.71,8.91,8.9
35.956,8.76,8.91,8.9
35.97,8.77,8.91,8.91
35.984,8.76,8.91,8.91
35.998,8.75,8.91,8.91
36.012,8.74,8.91,8.91
36.027,8.72,8.91,8.91
36.041,8.68,8.91,8.9
36.055,8.68,8.91,8.9
36.069,8.69,8.91,8.9
36.083,8.69,8.9,8.9
36.097,8.72,8.9,8.9
36.112,8.67,8.9,8.9
36.126,8.69,8.9,8.9
36.14,8.73,8.9,8.9
36.155,8.72,8.9,8.9
36.169,8.75,8.9,8.9
36.183,8.75,8.9,8.9
36.197,8.69,8.9,8.9
36.211,8.74,8.9,8.9
36.225,8.72,8.9,8.9
36.24,8.67,8.9,8.9
36.254,8.7,8.9,8.9
36.268,8.71,8.9,8.9
36.282,8.68,8.9,8.9
36.296,8.71,8.9,8.9
36.31,8.72,8.9,8.9
36.325,8.75,8.9,8.9
36.339,8.77,8.9,8.9
36.353,8.77,8.9,8.9
36.368,8.74,8.9,8.9
36.382,8.7,8.9,8.9
36.396,8.67,8.9,8.9
36.411,8.65,8.9,8.9
36.425,8.69,8.9,8.9
36.44,8.75,8.9,8.9
36.454,8.79,8.9,8.9
36.468,8.73,8.9,8.9
36.482,8.67,8.9,8.9
36.497,8.68,8.9,8.9
36.511,8.72,8.9,8.9
36.526,8.74,8.9,8.9
36.539,8.72,8.9,8.9
36.553,8.69,8.9,8.9
36.568,8.71,8.9,8.9
36.583,8.71,8.9,8.9
36.597,8.67,8.9,8.9
36.611,8.71,8.9,8.9
36.625,8.74,8.9,8.9
36.64,8.73,8.9,8.9
36.654,8.65,8.9,8.9
36.669,8.66,8.9,8.9
36.683,8.71,8.9,8.9
36.697,8.73,8.9,8.9
36.711,8.72,8.9,8.9
36.726,8.74,8.9,8.9
36.74,8.73,8.9,8.9
36.754,8.66,8.9,8.9
36.768,8.64,8.9,8.9
36.782,8.65,8.9,8.9
36.797,8.71,8.9,8.9
36.811,8.73,8.9,8.9
36.825,8.69,8.9,8.9
36.839,8.68,8.9,8.9
36.854,8.69,8.9,8.9
36.868,8.73,8.9,8.9
36.882,8.77,8.9,8.9
36.897,8.72,8.9,8.9
36.911,8.7,8.9,8.9
36.925,8.67,8.9,8.9
36.939,8.68,8.9,8.9
36.953,8.72,8.9,8.9
36.972,8.68,8.9,8.9
36.985,8.67,8.9,8.9
36.999,8.68,8.9,8.9
37.013,8.72,8.9,8.9
37.027,8.76,8.9,8.9
37.041,8.81,8.9,8.9
37.056,8.82,8.9,8.9
37.07,8.65,8.9,8.9
37.084,8.62,8.9,8.9
37.098,8.64,8.9,8.9
37.113,8.65,8.9,8.9
37.127,8.65,8.9,8.9
37.141,8.7,8.9,8.9
37.156,8.71,8.9,8.9
37.17,8.69,8.9,8.9
37.184,8.71,8.9,8.9
37.198,8.74,8.9,8.9
37.212,8.7,8.9,8.9
37.226,8.73,8.9,8.9
37.24,8.72,8.9,8.9
37.255,8.69,8.9,8.9
37.269,8.72,8.9,8.9
37.283,8.7,8.9,8.9
37.298,8.72,8.9,8.9
37.312,8.72,8.9,8.9
37.327,8.7,8.9,8.9
37.341,8.68,8.9,8.9
37.355,8.71,8.9,8.9
37.369,8.65,8.9,8.9
37.383,8.63,8.9,8.9
37.397,8.75,8.9,8.9
37.412,8.74,8.9,8.9
37.426,8.71,8.9,8.9
37.44,8.68,8.9,8.9
37.454,8.64,8.9,8.9
37.469,8.71,8.9,8.9
37.483,8.72,8.9,8.89
37.497,8.69,8.9,8.89
37.514,8.73,8.9,8.89
37.528,8.72,8.9,8.9
37.543,8.7,8.9,8.9
37.557,8.71,8.9,8.89
37.571,8.74,8.9,8.89
37.585,8.74,8.9,8.89
37.599,8.71,8.9,8.89
37.614,8.67,8.9,8.89
37.628,8.66,8.9,8.89
37.642,8.68,8.9,8.89
37.656,8.69,8.89,8.89
37.67,8.71,8.89,8.89
37.684,8.7,8.89,8.89
37.698,8.65,8.89,8.89
37.712,8.65,8.89,8.89
37.726,8.76,8.89,8.89
37.741,8.76,8.89,8.89
37.755,8.74,8.89,8.89
37.769,8.66,8.89,8.89
37.783,8.67,8.89,8.89
37.798,8.69,8.89,8.89
37.812,8.69,8.89,8.89
37.826,8.72,8.89,8.89
37.84,8.73,8.89,8.89
37.854,8.75,8.89,8.89
37.869,8.74,8.89,8.89
37.883,8.71,8.89,8.89
37.897,8.77,8.89,8.89
37.911,8.78,8.89,8.89
37.925,8.73,8.89,8.89
37.941,8.69,8.89,8.89
37.955,8.69,8.89,8.89
37.969,8.7,8.89,8.89
37.983,8.74,8.89,8.89
37.997,8.73,8.89,8.89
38.012,8.69,8.89,8.89
38.026,8.67,8.89,8.89
38.04,8.69,8.89,8.89
38.054,8.69,8.89,8.89
38.069,8.72,8.89,8.89
38.083,8.74,8.89,8.89
38.097,8.78,8.9,8.89
38.111,8.74,8.9,8.9
38.125,8.69,8.9,8.9
38.14,8.7,8.9,8.9
38.154,8.68,8.9,8.9
38.168,8.78,8.9,8.9
38.182,8.8,8.9,8.9
38.197,8.74,8.9,8.9
38.21,8.67,8.9,8.9
38.225,8.69,8.9,8.9
38.239,8.69,8.9,8.9
38.253,8.67,8.9,8.9
38.269,8.69,8.9,8.9
38.284,8.66,8.9,8.9
38.298,8.69,8.9,8.9
38.312,8.72,8.9,8.9
38.326,8.65,8.9,8.9
38.34,8.68,8.9,8.9
38.354,8.67,8.9,8.9
38.368,8.59,8.9,8.9
38.383,8.66,8.9,8.9
38.397,8.74,8.9,8.9
38.411,8.74,8.9,8.9
38.425,8.71,8.9,8.9
38.439,8.65,8.9,8.9
38.454,8.63,8.9,8.9
38.468,8.74,8.9,8.9
38.485,8.8,8.9,8.9
38.499,8.8,8.9,8.9
38.513,8.76,8.91,8.9
38.527,8.67,8.91,8.9
38.542,8.65,8.9,8.9
38.556,8.69,8.9,8.9
38.57,8.71,8.9,8.9
38.584,8.79,8.9,8.9
38.598,8.78,8.9,8.9
38.613,8.77,8.9,8.9
38.627,8.74,8.9,8.9
38.641,8.73,8.9,8.9
38.655,8.74,8.9,8.9
38.669,8.75,8.9,8.9
38.684,8.71,8.9,8.9
38.699,8.68,8.9,8.9
38.712,8.74,8.9,8.9
38.726,8.78,8.9,8.9
38.741,8.76,8.9,8.9
38.755,8.67,8.9,8.9
38.769,8.65,8.9,8.9
38.783,8.73,8.9,8.9
38.797,8.78,8.9,8.9
38.812,8.71,8.9,8.9
38.826,8.67,8.9,8.9
38.84,8.72,8.9,8.9
38.855,8.73,8.9,8.9
38.869,8.72,8.9,8.9
38.883,8.74,8.9,8.9
38.897,8.73,8.9,8.9
38.912,8.74,8.9,8.9
38.926,8.72,8.9,8.9
38.94,8.74,8.9,8.9
38.954,8.7,8.9,8.9
38.969,8.72,8.9,8.9
38.983,8.74,8.9,8.9
38.997,8.75,8.9,8.9
39.012,8.74,8.9,8.9
39.026,8.69,8.91,8.9
39.04,8.61,8.91,8.9
39.054,8.63,8.9,8.9
39.068,8.73,8.9,8.9
39.083,8.76,8.9,8.9
39.097,8.75,8.9,8.9
39.111,8.72,8.9,8.9
39.125,8.7,8.9,8.9
39.143,8.69,8.9,8.9
39.157,8.77,8.9,8.9
39.171,8.71,8.91,8.9
39.185,8.67,8.91,8.9
39.2,8.7,8.91,8.9
39.214,8.7,8.91,8.9
39.228,8.69,8.91,8.9
39.242,8.71,8.91,8.91
39.256,8.74,8.91,8.91
39.27,8.74,8.91,8.91
39.285,8.79,8.91,8.91
39.299,8.73,8.91,8.91
39.313,8.73,8.91,8.91
39.327,8.79,8.91,8.91
39.341,8.76,8.91,8.91
39.356,8.74,8.91,8.91
39.37,8.73,8.91,8.91
39.384,8.7,8.91,8.91
39.399,8.68,8.91,8.91
39.413,8.66,8.91,8.91
39.427,8.65,8.91,8.91
39.441,8.66,8.91,8.91
39.456,8.68,8.91,8.91
39.47,8.69,8.91,8.91
39.484,8.71,8.91,8.91
39.498,8.73,8.91,8.91
39.512,8.71,8.91,8.91
39.526,8.74,8.91,8.91
39.54,8.73,8.91,8.91
39.555,8.71,8.91,8.91
39.569,8.7,8.91,8.91
39.583,8.71,8.91,8.91
39.597,8.65,8.91,8.91
39.611,8.69,8.91,8.91
39.626,8.71,8.91,8.91
39.64,8.73,8.91,8.91
39.654,8.78,8.91,8.91
39.668,8.8,8.91,8.91
39.682,8.71,8.91,8.91
39.696,8.69,8.91,8.91
39.711,8.7,8.91,8.91
39.725,8.68,8.91,8.91
39.739,8.68,8.91,8.91
39.753,8.73,8.91,8.91
39.767,8.73,8.91,8.91
39.781,8.69,8.91,8.91
39.796,8.67,8.91,8.91
39.81,8.66,8.91,8.91
39.824,8.67,8.91,8.91
39.838,8.71,8.91,8.91
39.853,8.72,8.91,8.91
39.867,8.75,8.91,8.91
39.882,8.72,8.91,8.91
39.896,8.72,8.91,8.91
39.911,8.71,8.91,8.91
39.925,8.71,8.91,8.91
39.939,8.73,8.91,8.91
39.953,8.73,8.91,8.91
39.968,8.73,8.91,8.91
39.982,8.69,8.91,8.91
39.996,8.66,8.91,8.91
40.01,8.67,8.91,8.91
40.024,8.69,8.91,8.91
40.038,8.71,8.91,8.91
40.053,8.72,8.91,8.91
40.067,8.75,8.91,8.91
40.081,8.73,8.91,8.91
40.095,8.7,8.91,8.91
40.109,8.71,8.91,8.91
40.123,8.7,8.91,8.91
40.138,8.7,8.91,8.91
40.152,8.69,8.91,8.91
40.166,8.81,8.91,8.91
40.18,8.8,8.91,8.91
40.195,8.71,8.91,8.91
40.209,8.74,8.91,8.91
40.226,8.76,8.91,8.91
40.24,8.75,8.91,8.91
40.254,8.74,8.92,8.91
40.269,8.77,8.92,8.91
40.283,8.75,8.92,8.91
40.297,8.74,8.92,8.91
40.311,8.79,8.92,8.91
40.326,8.74,8.92,8.91
40.34,8.67,8.92,8.92
40.354,8.68,8.92,8.92
40.369,8.71,8.92,8.91
40.383,8.77,8.92,8.92
40.397,8.75,8.92,8.92
40.411,8.73,8.92,8.92
40.425,8.64,8.92,8.92
40.442,8.66,8.92,8.92
40.456,8.76,8.92,8.92
40.47,8.74,8.92,8.92
40.485,8.69,8.92,8.92
40.499,8.67,8.92,8.92
40.513,8.72,8.92,8.92
40.527,8.72,8.92,8.92
40.542,8.73,8.92,8.92
40.556,8.7,8.92,8.92
40.57,8.68,8.92,8.92
40.584,8.66,8.92,8.92
40.598,8.66,8.92,8.92
40.612,8.67,8.92,8.92
40.626,8.65,8.92,8.92
40.641,8.71,8.92,8.92
40.655,8.74,8.92,8.92
40.669,8.74,8.92,8.92
40.683,8.66,8.92,8.92
40.697,8.67,8.92,8.92
40.712,8.72,8.92,8.92
40.726,8.71,8.92,8.91
40.74,8.72,8.92,8.91
40.754,8.72,8.92,8.91
40.769,8.71,8.92,8.91
40.783,8.69,8.92,8.91
40.797,8.67,8.91,8.91
40.811,8.78,8.91,8.91
40.826,8.72,8.92,8.91
40.84,8.72,8.92,8.92
40.854,8.72,8.92,8.92
40.869,8.64,8.92,8.92
40.883,8.72,8.92,8.92
40.897,8.71,8.92,8.92
40.911,8.71,8.92,8.92
40.926,8.82,8.92,8.92
40.94,8.6,8.92,8.92
40.954,8.75,8.92,8.92
40.968,8.51,8.92,8.92
40.982,8.66,8.92,8.92
40.997,8.79,8.92,8.92
41.011,8.66,8.92,8.92
41.025,8.78,8.92,8.92
41.039,8.64,8.93,8.93
41.054,8.71,8.93,8.93
41.068,8.6,8.93,8.92
41.082,8.67,8.93,8.92
41.096,8.65,8.93,8.92
41.11,8.71,8.93,8.92
41.125,8.7,8.93,8.92
41.139,8.72,8.93,8.92
41.153,8.74,8.93,8.93
41.167,9.05,8.93,8.93
41.181,8.62,8.96,8.96
41.195,8.76,8.99,8.99
41.21,10.0,9.0,9.01
41.224,7.51,9.04,9.02
41.238,7.19,9.08,9.06
41.252,8.58,9.11,9.1
41.266,8.31,9.2,9.19
41.28,8.76,9.29,9.28
41.294,8.78,9.35,9.34
41.309,8.57,9.4,9.39
41.323,7.96,9.48,9.46
41.337,7.49,9.58,9.55
41.351,7.45,9.65,9.63
41.365,7.56,9.71,9.69
41.379,7.14,9.74,9.72
41.393,6.14,9.75,9.72
41.408,7.79,9.64,9.62
41.426,9.57,9.46,9.46
41.439,7.98,9.39,9.38
41.454,6.43,9.37,9.34
41.468,6.32,9.38,9.35
41.482,7.96,9.4,9.39
41.496,7.89,9.4,9.38
41.51,7.86,9.35,9.33
41.525,7.95,9.22,9.21
41.539,8.19,9.07,9.06
41.553,8.03,8.93,8.93
41.567,7.71,8.81,8.8
41.581,8.2,8.7,8.7
41.595,7.44,8.64,8.63
41.609,7.38,8.6,8.59
41.623,7.77,8.56,8.55
41.639,8.42,8.51,8.51
41.654,8.11,8.51,8.51
41.668,7.83,8.5,8.49
41.682,7.99,8.45,8.44
41.696,7.31,8.36,8.35
41.71,8.52,8.32,8.33
41.724,8.61,8.35,8.35
41.739,9.32,8.35,8.36
41.753,8.8,8.42,8.42
41.767,8.0,8.49,8.49
41.781,8.88,8.52,8.52
41.795,9.12,8.47,8.48
41.81,8.86,8.4,8.41
41.824,8.55,8.3,8.3
41.838,7.16,8.23,8.22
41.852,8.08,8.29,8.28
41.866,8.56,8.41,8.41
41.881,8.08,8.53,8.53
41.895,8.23,8.59,8.58
41.909,10.12,8.57,8.59
41.924,10.07,8.52,8.54
41.938,8.45,8.47,8.47
41.952,7.67,8.3,8.29
41.966,8.55,8.1,8.11
41.98,9.84,7.89,7.91
41.994,10.63,7.77,7.8
42.008,10.78,7.74,7.77
42.022,11.13,7.67,7.7
42.037,11.42,7.54,7.57
42.051,11.12,7.35,7.38
42.065,10.35,7.18,7.21
42.079,10.0,7.07,7.1
42.093,9.63,7.0,7.03
42.107,10.44,7.01,7.05
42.122,11.13,7.15,7.19
42.136,12.2,7.3,7.35
42.15,13.28,7.34,7.4
42.164,12.44,7.32,7.38
42.178,11.3,7.15,7.2
42.192,10.71,6.95,6.99
42.207,10.68,6.8,6.84
42.221,10.52,6.67,6.7
42.235,10.91,6.51,6.55
42.249,11.22,6.4,6.45
42.263,11.63,6.34,6.39
42.277,11.15,6.27,6.32
42.291,11.94,6.16,6.22
42.305,11.73,6.06,6.11
42.32,9.24,5.97,6.0
42.334,10.27,5.89,5.94
42.348,10.98,5.81,5.86
42.362,10.7,5.73,5.78
42.376,11.09,5.62,5.67
42.39,11.66,5.5,5.56
42.407,14.53,5.46,5.55
42.422,22.34,5.38,5.55
42.436,17.65,5.14,5.26
42.45,12.87,4.91,4.99
42.464,14.49,4.68,4.78
42.479,15.11,4.52,4.63
42.493,14.56,4.42,4.52
42.507,15.59,4.36,4.47
42.521,17.23,4.34,4.47
42.535,15.23,4.48,4.59
42.55,13.69,4.63,4.72
42.564,14.92,4.68,4.78
42.578,15.78,4.71,4.82
42.592,15.59,4.8,4.91
42.606,15.48,4.9,5.0
42.62,15.78,5.02,5.12
42.635,16.08,5.21,5.32
42.649,15.82,5.43,5.54
42.663,14.25,5.7,5.78
42.677,13.48,5.87,5.94
42.691,13.64,5.87,5.94
42.705,14.24,5.89,5.97
42.72,13.66,5.97,6.05
42.734,14.26,6.1,6.18
42.748,15.0,6.23,6.32
42.762,15.51,6.37,6.46
42.776,15.54,6.54,6.63
42.791,16.4,6.67,6.77
42.805,16.98,6.73,6.83
42.819,17.46,6.71,6.81
42.833,16.86,6.53,6.64
42.847,12.67,6.31,6.38
42.862,10.9,6.26,6.31
42.876,13.34,6.38,6.45
42.89,13.72,6.71,6.78
42.904,13.96,7.0,7.07
42.918,14.25,7.16,7.23
42.933,14.2,7.29,7.36
42.947,13.87,7.37,7.43
42.961,13.76,7.39,7.45
42.975,15.57,7.42,7.5
42.989,15.3,7.51,7.59
43.004,14.19,7.61,7.67
43.018,14.2,7.64,7.71
43.032,14.28,7.66,7.73
43.046,15.61,7.68,7.75
43.06,16.21,7.72,7.81
43.075,15.75,7.82,7.9
43.089,16.24,7.93,8.01
43.103,16.63,7.99,8.07
43.117,15.22,7.86,7.93
43.132,12.97,7.74,7.79
43.146,13.93,7.82,7.88
43.161,15.71,7.92,8.0
43.175,16.29,7.97,8.05
43.189,14.85,7.97,8.03
43.203,13.91,7.96,8.02
43.217,14.21,8.03,8.09
43.231,15.24,8.18,8.25
43.245,15.83,8.38,8.46
43.26,16.4,8.54,8.62
43.274,16.29,8.64,8.72
43.288,14.68,8.68,8.74
43.302,13.9,8.7,8.75
43.316,14.6,8.64,8.7
43.331,15.16,8.59,8.66
43.345,16.12,8.57,8.65
43.359,17.11,8.59,8.67
43.373,15.55,8.67,8.74
43.387,14.55,8.85,8.9
43.401,14.63,9.01,9.06
43.416,15.22,9.11,9.17
43.43,15.86,9.25,9.31
43.444,15.02,9.47,9.53
43.458,14.09,9.7,9.75
43.472,14.17,9.86,9.9
43.487,14.44,9.98,10.02
43.501,14.8,10.06,10.11
43.515,14.44,10.1,10.14
43.53,14.75,10.1,10.15
43.544,14.62,10.06,10.1
43.559,16.7,9.98,10.05
43.573,17.23,9.95,10.03
43.587,16.06,9.94,10.0
43.601,16.03,9.91,9.97
43.615,15.38,9.91,9.97
43.63,11.83,9.99,10.01
43.644,12.31,10.11,10.13
43.658,14.66,10.17,10.21
43.672,14.73,10.15,10.2
43.687,15.06,10.11,10.16
43.701,15.4,10.05,10.1
43.715,15.5,9.99,10.05
43.729,16.06,9.94,10.01
43.743,16.23,9.95,10.01
43.757,15.48,9.97,10.02
43.771,14.97,9.98,10.03
43.785,14.82,9.99,10.04
43.799,15.21,9.99,10.04
43.813,15.09,9.93,9.99
43.827,15.29,9.81,9.87
43.842,15.96,9.58,9.65
43.856,16.83,9.41,9.49
43.87,15.91,9.31,9.37
43.884,15.94,9.18,9.25
43.898,15.73,9.07,9.14
43.912,15.74,9.01,9.07
43.926,14.82,9.04,9.1
43.94,12.51,9.32,9.36
43.955,18.36,9.58,9.67
43.972,21.16,9.46,9.57
43.987,19.91,9.21,9.32
44.001,19.81,8.92,9.03
44.015,18.83,8.7,8.81
44.029,18.95,8.57,8.67
44.043,19.43,8.45,8.56
44.058,22.07,8.23,8.36
44.072,19.39,8.07,8.18
44.086,18.51,7.87,7.97
44.101,20.92,7.72,7.85
44.115,21.15,7.78,7.91
44.129,19.44,8.11,8.22
44.143,19.66,8.38,8.5
44.157,20.88,8.63,8.75
44.172,18.77,8.97,9.06
44.186,17.35,9.41,9.49
44.2,19.49,9.8,9.89
44.214,20.04,10.0,10.1
44.228,19.29,10.14,10.23
44.243,17.07,10.23,10.3
44.257,15.78,10.26,10.32
44.271,16.79,10.28,10.35
44.285,17.41,10.31,10.38
44.3,18.45,10.29,10.37
44.315,18.47,10.12,10.2
44.329,15.91,9.98,10.04
44.343,15.76,9.93,9.99
44.358,16.38,9.96,10.02
44.372,18.09,10.1,10.18
44.386,22.29,10.29,10.41
44.4,19.94,10.3,10.4
44.414,17.43,10.11,10.19
44.428,18.4,9.88,9.97
44.443,18.01,9.72,9.8
44.457,19.32,9.51,9.61
44.471,20.65,9.14,9.26
44.486,22.59,8.77,8.91
44.5,26.69,8.46,8.64
44.514,24.41,8.74,8.9
44.528,20.34,9.24,9.35
44.542,18.07,9.9,9.98
44.556,15.93,10.55,10.6
44.571,17.34,11.23,11.29
44.585,20.44,11.73,11.82
44.599,20.58,12.04,12.13
44.613,18.19,12.05,12.11
44.627,18.06,11.95,12.01
44.642,18.24,11.75,11.81
44.656,18.88,11.56,11.63
44.67,19.49,11.36,11.45
44.685,20.17,11.18,11.27
44.699,20.27,11.01,11.1
44.713,19.89,10.89,10.98
44.727,18.49,10.81,10.89
44.742,18.65,10.77,10.85
44.756,20.24,10.74,10.84
44.77,23.32,10.75,10.88
44.784,23.56,10.83,10.96
44.799,23.03,11.07,11.19
44.813,21.32,11.33,11.43
44.827,15.83,11.53,11.58
44.841,16.54,11.34,11.39
44.855,19.96,11.02,11.11
44.869,21.48,10.78,10.89
44.883,22.58,10.62,10.74
44.898,22.66,10.57,10.69
44.912,23.31,10.57,10.7
44.926,23.53,10.67,10.8
44.94,23.22,10.82,10.95
44.954,22.77,11.01,11.13
44.971,21.82,11.27,11.38
44.984,21.21,11.5,11.59
44.999,21.31,11.59,11.69
45.013,19.98,11.63,11.71
45.027,19.59,11.58,11.66
45.041,20.87,11.51,11.6
45.055,21.68,11.41,11.51
45.07,21.34,11.28,11.38
45.084,22.19,11.16,11.27
45.098,23.23,11.09,11.21
45.112,22.91,11.05,11.17
45.127,22.1,10.97,11.08
45.141,22.52,10.82,10.93
45.155,24.15,10.69,10.82
45.169,26.33,10.63,10.79
45.183,27.25,10.64,10.81
45.197,27.68,10.66,10.83
45.212,24.65,10.65,10.79
45.226,23.56,10.57,10.7
45.24,26.83,10.46,10.62
45.254,27.1,10.41,10.58
45.269,24.2,10.43,10.57
45.283,23.39,10.47,10.6
45.297,23.04,10.51,10.63
45.311,24.5,10.52,10.66
45.325,25.34,10.52,10.67
45.339,25.66,10.54,10.69
45.353,26.31,10.5,10.66
45.367,25.95,10.39,10.55
45.381,24.57,10.25,10.39
45.395,24.21,10.17,10.31
45.409,26.36,10.2,10.36
45.423,27.96,10.5,10.68
45.437,29.46,10.97,11.15
45.451,29.11,11.51,11.68
45.466,27.78,11.88,12.04
45.48,26.46,11.69,11.83
45.494,25.96,11.29,11.43
45.51,27.23,10.92,11.08
45.524,27.61,10.85,11.01
45.539,28.76,10.92,11.1
45.553,27.71,11.12,11.28
45.567,26.83,11.29,11.44
45.581,26.58,11.43,11.58
45.595,24.96,11.59,11.72
45.609,24.83,11.81,11.94
45.624,25.41,12.05,12.18
45.638,28.3,12.29,12.45
45.652,27.52,12.57,12.72
45.665,24.31,12.84,12.95
45.68,25.04,13.09,13.21
45.694,27.07,13.32,13.45
45.708,27.03,13.44,13.58
45.722,26.26,13.51,13.64
45.736,26.84,13.52,13.65
45.751,28.83,13.55,13.71
45.765,28.13,13.72,13.86
45.779,25.74,14.01,14.12
45.793,26.59,14.19,14.32
45.807,27.79,14.19,14.32
45.822,29.23,14.2,14.35
45.836,28.58,14.3,14.44
45.85,26.36,14.38,14.5
45.864,25.93,14.45,14.56
45.878,26.29,14.47,14.59
45.892,24.99,14.5,14.61
45.906,26.76,14.51,14.64
45.92,26.72,14.53,14.66
45.935,25.85,14.44,14.55
45.951,28.59,14.17,14.32
45.965,29.25,14.01,14.17
45.979,28.92,13.97,14.11
45.993,29.24,13.99,14.15
46.007,29.54,14.15,14.3
46.021,28.85,14.39,14.53
46.035,29.77,14.76,14.91
46.049,31.17,15.06,15.22
46.063,28.52,15.19,15.33
46.077,26.0,15.12,15.23
46.091,27.28,15.15,15.27
46.105,28.47,15.3,15.43
46.119,28.36,15.45,15.58
46.133,28.24,15.56,15.69
46.147,28.37,15.67,15.8
46.162,29.0,15.78,15.91
46.176,30.16,15.91,16.06
46.19,33.43,16.11,16.29
46.204,29.16,16.47,16.59
46.218,24.22,16.79,16.86
46.232,25.0,16.94,17.02
46.245,26.22,17.04,17.13
46.26,26.95,17.12,17.22
46.273,26.81,17.24,17.33
46.287,27.62,17.36,17.46
46.301,28.08,17.45,17.55
46.315,27.95,17.51,17.62
46.329,27.5,17.57,17.67
46.343,27.7,17.63,17.73
46.357,28.21,17.69,17.8
46.371,27.97,17.78,17.88
46.385,27.84,17.86,17.96
46.399,28.14,17.94,18.04
46.413,28.43,18.02,18.13
46.427,29.57,18.13,18.24
46.441,29.69,18.29,18.4
46.455,26.26,18.47,18.55
46.469,24.87,18.63,18.69
46.483,25.95,18.73,18.8
46.497,27.97,18.78,18.87
46.51,28.24,18.81,18.91
46.525,28.09,18.86,18.95
46.538,28.05,18.94,19.03
46.552,27.94,19.04,19.13
46.566,27.67,19.14,19.23
46.58,27.8,19.23,19.32
46.594,27.74,19.32,19.41
46.608,26.82,19.45,19.52
46.622,25.94,19.57,19.63
46.636,26.54,19.65,19.72
46.65,28.72,19.74,19.83
46.664,29.02,19.84,19.93
46.678,25.47,19.91,19.96
46.691,25.36,19.87,19.93
46.706,29.05,19.78,19.88
46.719,26.36,19.93,19.99
46.733,31.56,20.06,20.18
46.747,36.01,20.04,20.2
46.761,27.15,20.13,20.2
46.775,23.79,20.27,20.31
46.79,24.2,20.33,20.37
46.804,27.0,20.3,20.37
46.818,28.86,20.12,20.2
46.832,29.95,19.89,20.0
46.846,30.48,19.68,19.78
46.86,30.22,19.53,19.64
46.874,29.95,19.5,19.6
46.888,30.67,19.59,19.7
46.902,28.44,19.77,19.85
46.916,29.52,20.04,20.14
46.933,35.55,20.4,20.55
46.947,26.09,20.86,20.91
46.961,27.88,21.18,21.24
46.975,31.61,21.32,21.42
46.989,29.49,21.57,21.65
47.003,26.11,21.88,21.92
47.017,24.94,22.03,22.06
47.031,28.5,22.07,22.14
47.045,28.7,22.13,22.2
47.058,28.39,22.2,22.26
47.072,28.41,22.28,22.34
47.086,28.46,22.36,22.42
47.1,28.48,22.44,22.5
47.114,29.5,22.53,22.6
47.128,29.92,22.67,22.74
47.143,25.36,22.93,22.95
47.157,28.72,23.09,23.15
47.171,27.39,23.19,23.23
47.185,25.31,23.24,23.26
47.199,26.77,23.25,23.28
47.212,28.05,23.23,23.28
47.227,28.83,23.21,23.27
47.24,28.55,23.25,23.3
47.254,28.21,23.31,23.36
47.268,28.04,23.38,23.43
47.283,27.92,23.46,23.5
47.297,28.69,23.53,23.58
47.311,28.34,23.62,23.67
47.325,27.06,23.73,23.76
47.339,27.73,23.75,23.79
47.353,27.79,23.77,23.81
47.37,28.19,23.81,23.85
47.384,27.83,23.85,23.89
47.399,27.86,23.89,23.93
47.412,27.87,23.94,23.97
47.427,27.72,23.98,24.01
47.441,27.83,24.02,24.05
47.454,27.97,24.06,24.1
47.468,27.89,24.1,24.14
47.482,27.8,24.14,24.18
47.497,27.87,24.18,24.21
47.511,27.88,24.22,24.25
47.525,27.86,24.25,24.29
47.539,27.82,24.29,24.33
47.553,27.89,24.33,24.37
47.567,27.91,24.37,24.4
47.584,27.75,24.41,24.44
47.598,27.71,24.44,24.47
47.612,27.81,24.48,24.51
47.625,27.87,24.51,24.54
47.639,27.89,24.55,24.58
47.653,27.88,24.58,24.62
47.667,27.88,24.62,24.65
47.681,27.84,24.65,24.68
47.695,27.84,24.68,24.72
47.709,27.86,24.72,24.75
47.723,27.94,24.75,24.78
47.737,27.96,24.78,24.82
47.751,27.81,24.82,24.85
47.765,27.75,24.85,24.88
47.779,27.73,24.88,24.91
47.793,27.8,24.91,24.94
47.807,27.86,24.94,24.97
47.821,27.91,24.97,25.0
47.835,27.89,25.01,25.03
47.85,27.83,25.04,25.06
47.864,27.83,25.07,25.09
47.878,27.83,25.1,25.12
47.892,27.9,25.13,25.15
47.906,27.93,25.16,25.18
47.919,27.82,25.19,25.21
47.933,27.72,25.21,25.24
47.948,27.81,25.24,25.27
47.962,27.85,25.27,25.29
47.976,27.89,25.3,25.32
47.989,27.88,25.32,25.35
48.003,27.9,25.35,25.38
48.017,27.84,25.38,25.4
48.031,27.81,25.4,25.43
48.045,27.73,25.43,25.45
48.059,27.84,25.46,25.48
48.073,27.96,25.48,25.51
48.087,28.01,25.51,25.53
48.101,27.91,25.53,25.56
48.115,27.75,25.56,25.58
48.129,27.7,25.58,25.6
48.143,27.76,25.61,25.63
48.157,27.89,25.63,25.65
48.171,27.96,25.66,25.68
48.185,27.96,25.68,25.71
48.199,27.74,25.71,25.73
48.212,27.68,25.73,25.75
48.226,27.87,25.75,25.77
48.24,27.93,25.77,25.8
48.254,27.96,25.8,25.82
48.268,27.86,25.82,25.84
48.282,27.8,25.84,25.86
48.296,27.75,25.86,25.88
48.31,27.7,25.88,25.9
48.324,27.78,25.9,25.92
48.338,27.89,25.92,25.94
48.352,27.96,25.94,25.96
48.366,27.84,25.97,25.98
48.38,27.76,25.99,26.0
48.394,27.68,26.01,26.02
48.408,27.74,26.03,26.04
48.422,28.03,26.05,26.07
48.436,28.03,26.07,26.09
48.451,27.91,26.09,26.11
48.464,27.71,26.11,26.13
48.478,27.69,26.13,26.15
48.493,27.77,26.15,26.16
48.507,27.84,26.16,26.18
48.521,27.94,26.18,26.2
48.534,27.97,26.2,26.22
48.548,27.88,26.22,26.24
48.562,27.66,26.24,26.26
48.577,27.71,26.26,26.27
48.591,27.95,26.27,26.29
48.604,28.01,26.29,26.31
48.618,27.97,26.31,26.33
48.632,27.79,26.33,26.34
48.646,27.73,26.34,26.36
48.66,27.71,26.36,26.37
48.674,27.77,26.37,26.39
48.689,27.87,26.39,26.41
48.703,27.99,26.41,26.42
48.717,27.94,26.42,26.44
48.731,27.75,26.44,26.45
48.745,27.74,26.46,26.47
48.759,27.93,26.47,26.49
48.773,28.03,26.49,26.5
48.787,28.05,26.51,26.52
48.801,27.9,26.52,26.54
48.815,27.78,26.54,26.55
48.829,27.67,26.56,26.57
48.843,27.79,26.57,26.58
48.857,27.87,26.58,26.6
48.871,27.94,26.6,26.61
48.885,27.9,26.61,26.63
48.9,27.73,26.63,26.64
48.914,27.71,26.64,26.65
48.929,27.83,26.66,26.67
48.943,27.88,26.67,26.68
48.957,27.95,26.69,26.7
48.971,27.96,26.7,26.71
48.985,27.89,26.71,26.73
48.999,27.73,26.73,26.74
49.016,27.86,26.74,26.75
49.03,27.97,26.76,26.77
49.044,28.03,26.77,26.78
49.059,27.88,26.78,26.79
49.073,27.78,26.8,26.81
49.087,27.73,26.81,26.82
49.101,27.8,26.82,26.83
49.115,28.0,26.83,26.84
49.129,27.97,26.84,26.85
49.144,27.89,26.86,26.87
49.158,27.81,26.87,26.88
49.172,27.78,26.88,26.89
49.186,27.86,26.89,26.9
49.2,27.91,26.9,26.91
49.214,27.96,26.91,26.93
49.233,27.88,26.93,26.94
49.247,27.77,26.94,26.95
49.261,27.74,26.95,26.95
49.275,27.86,26.96,26.97
49.289,27.92,26.97,26.98
49.303,27.91,26.98,26.99
49.318,27.89,26.99,27.0
49.332,27.83,27.0,27.01
49.346,27.84,27.01,27.02
49.36,27.88,27.02,27.03
49.374,27.9,27.03,27.04
49.389,27.9,27.04,27.05
49.403,27.79,27.05,27.06
49.417,27.75,27.06,27.07
49.431,27.79,27.07,27.08
49.447,27.88,27.08,27.09
49.461,27.99,27.09,27.1
49.476,27.96,27.1,27.11
49.49,27.9,27.11,27.12
49.504,27.82,27.12,27.13
49.518,27.81,27.13,27.14
49.532,27.83,27.14,27.15
49.547,27.88,27.15,27.15
49.561,27.9,27.16,27.16
49.575,27.84,27.17,27.17
49.589,27.77,27.18,27.18
49.603,27.83,27.18,27.19
49.617,27.9,27.19,27.2
49.632,27.91,27.2,27.21
49.646,27.87,27.21,27.21
49.664,27.8,27.22,27.22
49.678,27.83,27.22,27.23
49.692,27.81,27.23,27.24
49.706,27.83,27.24,27.25
49.72,27.97,27.25,27.26
49.734,28.0,27.26,27.27
49.748,27.8,27.27,27.28
49.763,27.73,27.28,27.28
49.777,27.85,27.28,27.29
49.791,27.93,27.29,27.3
49.805,27.94,27.3,27.31
49.819,27.86,27.31,27.31
49.833,27.85,27.32,27.32
49.848,27.87,27.32,27.33
49.862,27.86,27.33,27.34
49.876,27.92,27.34,27.34
49.89,27.89,27.34,27.35
49.905,27.83,27.35,27.36
49.919,27.81,27.36,27.36
49.933,27.85,27.36,27.37
49.947,27.93,27.37,27.38
49.962,27.96,27.38,27.39
49.976,27.88,27.39,27.39
49.99,27.82,27.4,27.4
50.004,27.82,27.4,27.41
50.018,27.85,27.41,27.41
50.032,27.85,27.41,27.42
50.047,27.92,27.42,27.43
50.061,27.89,27.43,27.43
50.075,27.85,27.44,27.44
50.09,27.87,27.44,27.45
50.104,27.87,27.45,27.45
50.118,27.85,27.45,27.46
50.132,27.85,27.46,27.47
50.146,27.86,27.47,27.47
50.161,27.85,27.47,27.48
50.174,27.78,27.48,27.48
50.189,27.79,27.49,27.49
50.203,27.95,27.49,27.5
50.217,27.94,27.5,27.5
50.233,27.85,27.51,27.51
50.247,27.83,27.51,27.52
50.261,27.82,27.52,27.52
50.276,27.83,27.52,27.53
50.29,27.83,27.53,27.53
50.304,27.87,27.53,27.54
50.318,27.87,27.54,27.54
50.333,27.91,27.54,27.55
50.347,27.82,27.55,27.55
50.361,27.74,27.55,27.55
50.376,27.78,27.55,27.56
50.39,27.85,27.56,27.56
50.404,27.89,27.56,27.56
50.418,27.89,27.56,27.57
50.433,27.91,27.57,27.57
50.447,27.89,27.57,27.58
50.461,27.77,27.58,27.58
50.475,27.79,27.58,27.59
50.49,27.9,27.59,27.59
50.504,27.86,27.6,27.6
50.518,27.81,27.6,27.6
50.532,27.8,27.6,27.61
50.546,27.85,27.61,27.61
50.561,27.91,27.61,27.61
50.575,27.86,27.62,27.62
50.589,27.89,27.62,27.62
50.603,27.88,27.63,27.63
50.617,27.84,27.63,27.63
50.632,27.81,27.64,27.64
50.646,27.85,27.64,27.64
50.66,27.94,27.64,27.65
50.676,27.95,27.65,27.65
50.691,27.88,27.65,27.66
50.705,27.85,27.66,27.66
50.719,27.88,27.66,27.66
50.733,27.88,27.67,27.67
50.747,27.81,27.67,27.67
50.761,27.84,27.67,27.68
50.778,27.91,27.68,27.68
50.792,27.87,27.68,27.68
50.806,27.77,27.69,27.69
50.82,27.84,27.69,27.69
50.835,27.91,27.69,27.69
50.849,27.85,27.7,27.7
50.863,27.78,27.7,27.7
50.877,27.87,27.7,27.7
50.891,27.92,27.71,27.71
50.906,27.87,27.71,27.71
50.92,27.87,27.71,27.71
50.934,27.87,27.72,27.72
50.949,27.86,27.72,27.72
50.963,27.82,27.72,27.72
50.978,27.8,27.73,27.73
50.994,27.86,27.73,27.73
51.009,27.89,27.73,27.73
51.023,27.84,27.74,27.74
51.037,27.85,27.74,27.74
51.051,27.83,27.74,27.74
51.066,27.84,27.74,27.75
51.08,27.85,27.75,27.75
51.094,27.79,27.75,27.75
51.108,27.8,27.75,27.75
51.122,27.86,27.76,27.76
51.136,27.83,27.76,27.76
51.151,27.74,27.76,27.76
51.165,27.83,27.76,27.76
51.179,28.0,27.76,27.77
51.193,27.96,27.77,27.77
51.207,27.81,27.77,27.77
51.221,27.74,27.77,27.77
51.236,27.85,27.78,27.78
51.25,27.94,27.78,27.78
51.265,27.87,27.78,27.78
51.279,27.82,27.79,27.79
51.293,27.87,27.79,27.79
51.308,27.88,27.79,27.79
51.325,27.81,27.8,27.8
51.339,27.78,27.8,27.8
51.353,27.94,27.8,27.8
51.367,27.95,27.8,27.8
51.382,27.75,27.81,27.8
51.396,27.71,27.81,27.81
51.41,27.86,27.81,27.81
51.428,27.89,27.81,27.81
51.442,27.86,27.81,27.81
51.456,27.86,27.81,27.82
51.471,27.96,27.82,27.82
51.485,27.94,27.82,27.82
51.499,27.79,27.82,27.82
51.513,27.82,27.83,27.83
51.528,27.9,27.83,27.83
51.542,27.89,27.83,27.83
51.556,27.85,27.83,27.83
51.57,27.81,27.84,27.84
51.584,27.83,27.84,27.84
51.598,27.87,27.84,27.84
51.613,27.86,27.84,27.84
51.627,27.85,27.85,27.85
51.642,27.89,27.85,27.85
51.656,27.88,27.85,27.85
51.67,27.81,27.85,27.85
51.685,27.76,27.85,27.85
51.699,27.95,27.85,27.85
51.714,27.99,27.86,27.86
51.728,27.83,27.86,27.86
51.742,27.73,27.86,27.86
51.756,27.81,27.86,27.86
51.77,27.88,27.86,27.86
51.784,27.85,27.87,27.87
51.799,27.84,27.87,27.87
51.813,27.83,27.87,27.87
51.827,27.85,27.87,27.87
51.842,27.82,27.87,27.87
51.856,27.8,27.87,27.87
51.87,27.85,27.87,27.87
51.884,27.91,27.88,27.88
51.898,27.88,27.88,27.88
51.913,27.83,27.88,27.88
51.927,27.86,27.88,27.88
51.941,27.87,27.88,27.88
51.956,27.78,27.89,27.88
51.971,27.77,27.89,27.89
51.985,27.88,27.89,27.89
52.0,27.91,27.89,27.89
52.014,27.87,27.89,27.89
52.028,27.82,27.9,27.9
52.042,27.86,27.9,27.9
52.057,27.94,27.9,27.9
52.071,27.92,27.9,27.9
52.085,27.84,27.9,27.9
52.1,27.86,27.91,27.91
52.114,27.88,27.91,27.91
52.128,27.85,27.91,27.91
52.142,27.85,27.91,27.91
52.156,27.87,27.91,27.91
52.17,27.87,27.92,27.91
52.187,27.84,27.92,27.92
52.201,27.86,27.92,27.92
52.215,27.91,27.92,27.92
52.229,27.91,27.92,27.92
52.243,27.75,27.92,27.92
52.258,27.79,27.92,27.92
52.272,27.97,27.92,27.92
52.286,27.9,27.93,27.93
52.301,27.72,27.93,27.93
52.315,27.78,27.93,27.93
52.329,27.9,27.93,27.93
52.343,27.88,27.93,27.93
52.357,27.8,27.93,27.93
52.371,27.81,27.94,27.93
52.385,27.91,27.94,27.94
52.4,27.82,27.94,27.94
52.414,27.75,27.94,27.94
52.428,27.85,27.94,27.94
52.442,27.89,27.94,27.94
52.456,27.88,27.94,27.94
52.47,27.79,27.94,27.94
52.485,27.77,27.94,27.94
52.499,27.94,27.94,27.94
52.516,27.83,27.95,27.95
52.531,27.78,27.95,27.95
52.545,27.79,27.95,27.95
52.559,27.93,27.95,27.95
52.573,27.89,27.95,27.95
52.587,27.78,27.95,27.95
52.602,27.81,27.95,27.95
52.616,27.94,27.95,27.95
52.631,27.89,27.95,27.95
52.645,27.74,27.95,27.95
52.659,27.82,27.95,27.95
52.674,27.93,27.95,27.95
52.688,27.86,27.96,27.95
52.702,27.78,27.96,27.96
52.716,27.89,27.96,27.96
52.73,27.9,27.96,27.96
52.745,27.84,27.96,27.96
52.759,27.85,27.96,27.96
52.773,27.89,27.96,27.96
52.787,27.91,27.97,27.96
52.801,27.86,27.97,27.97
52.815,27.78,27.97,27.97
52.83,27.86,27.97,27.97
52.844,27.93,27.97,27.97
52.858,27.84,27.97,27.97
52.873,27.8,27.97,27.97
52.887,27.86,27.97,27.97
52.901,27.89,27.97,27.97
52.915,27.77,27.97,27.97
52.929,27.78,27.97,27.97
52.944,27.91,27.97,27.97
52.959,27.92,27.97,27.97
52.973,27.82,27.97,27.97
52.987,27.82,27.98,27.97
53.001,27.91,27.97,27.97
53.016,27.89,27.98,27.97
53.03,27.82,27.98,27.98
53.045,27.82,27.98,27.98
53.059,27.87,27.98,27.98
53.073,27.89,27.98,27.98
53.087,27.85,27.98,27.98
53.102,27.84,27.98,27.98
53.116,27.9,27.98,27.98
53.13,27.91,27.98,27.98
53.144,27.85,27.99,27.98
53.158,27.81,27.99,27.98
53.173,27.89,27.99,27.99
53.187,27.91,27.99,27.99
53.202,27.8,27.99,27.99
53.217,27.76,27.99,27.99
53.232,27.91,27.99,27.99
53.246,27.93,27.99,27.99
53.26,27.83,27.99,27.99
53.274,27.83,27.99,27.99
53.288,27.89,27.99,27.99
53.302,27.87,27.99,27.99
53.316,27.86,28.0,27.99
53.331,27.87,28.0,27.99
53.345,27.91,27.99,27.99
53.359,27.86,27.99,27.99
53.374,27.76,28.0,27.99
53.388,27.84,28.0,27.99
53.402,27.92,28.0,28.0
53.416,27.86,28.0,28.0
53.431,27.79,28.0,28.0
53.445,27.77,28.0,28.0
53.46,27.91,28.0,28.0
53.474,27.92,28.0,28.0
53.489,27.8,28.0,28.0
53.503,27.82,28.0,28.0
53.518,27.98,28.0,28.0
53.532,27.93,28.0,28.0
53.546,27.78,28.0,28.0
53.56,27.79,28.0,28.0
53.574,27.91,28.0,28.0
53.589,27.93,28.0,28.0
53.603,27.88,28.0,28.0
53.617,27.79,28.01,28.0
53.631,27.83,28.01,28.0
53.646,27.92,28.01,28.0
53.66,27.85,28.01,28.01
53.674,27.85,28.01,28.01
53.688,27.92,28.01,28.01
53.702,27.94,28.01,28.01
53.716,27.78,28.01,28.01
53.73,27.74,28.01,28.01
53.744,27.81,28.01,28.01
53.758,27.92,28.01,28.01
53.772,27.91,28.01,28.01
53.786,27.85,28.01,28.01
53.801,27.82,28.01,28.01
53.817,27.88,28.01,28.01
53.831,27.86,28.01,28.01
53.845,27.87,28.01,28.01
53.859,27.89,28.01,28.01
53.873,27.9,28.01,28.01
53.888,27.86,28.02,28.01
53.902,27.8,28.02,28.01
53.916,27.8,28.02,28.01
53.931,27.84,28.01,28.01
53.945,27.81,28.01,28.01
53.959,27.8,28.01,28.01
53.973,27.91,28.01,28.01
53.988,27.93,28.01,28.01
54.002,27.85,28.01,28.01
54.016,27.87,28.01,28.01
54.031,27.91,28.02,28.01
54.045,27.89,28.02,28.01
54.06,27.82,28.02,28.01
54.074,27.81,28.02,28.01
54.088,27.84,28.02,28.02
54.102,27.88,28.02,28.02
54.116,27.83,28.02,28.02
54.131,27.84,28.02,28.02
54.147,27.87,28.02,28.02
54.161,27.78,28.02,28.02
54.175,27.78,28.02,28.02
54.189,27.89,28.02,28.02
54.204,27.92,28.02,28.02
54.218,27.84,28.02,28.02
54.232,27.79,28.02,28.02
54.246,27.83,28.02,28.02
54.26,27.94,28.02,28.02
54.274,27.92,28.02,28.02
54.289,27.8,28.02,28.02
54.303,27.82,28.02,28.02
54.317,27.89,28.02,28.02
54.331,27.88,28.02,28.02
54.345,27.81,28.02,28.02
54.36,27.78,28.02,28.02
54.374,27.84,28.02,28.02
54.388,27.88,28.02,28.02
54.402,27.83,28.02,28.02
54.416,27.84,28.02,28.02
54.431,27.88,28.02,28.02
54.445,27.89,28.02,28.02
54.46,27.89,28.02,28.02
54.475,27.92,28.03,28.03
54.49,27.96,28.03,28.03
54.504,27.89,28.03,28.03
54.518,27.8,28.03,28.03
54.532,27.75,28.03,28.03
54.546,27.91,28.03,28.03
54.56,27.92,28.03,28.03
54.577,27.76,28.03,28.03
54.591,27.75,28.03,28.03
54.605,27.9,28.03,28.03
54.619,27.89,28.03,28.03
54.634,27.81,28.03,28.03
54.648,27.84,28.03,28.03
54.662,27.91,28.03,28.03
54.676,27.91,28.03,28.03
54.69,27.85,28.03,28.03
54.705,27.79,28.03,28.03
54.719,27.87,28.03,28.03
54.733,27.92,28.03,28.03
54.747,27.9,28.03,28.03
54.762,27.93,28.03,28.03
54.776,27.92,28.04,28.03
54.79,27.86,28.04,28.03
54.805,27.79,28.04,28.03
54.819,27.82,28.04,28.03
54.833,27.9,28.03,28.03
54.848,27.86,28.04,28.03
54.862,27.82,28.04,28.03
54.876,27.86,28.04,28.03
54.89,27.9,28.04,28.03
54.908,27.88,28.04,28.03
54.922,27.89,28.04,28.03
54.936,27.9,28.04,28.03
54.95,27.87,28.04,28.03
54.964,27.83,28.04,28.03
54.979,27.81,28.04,28.03
54.993,27.86,28.04,28.03
55.007,27.95,28.03,28.03
55.022,27.91,28.04,28.03
55.036,27.82,28.04,28.03
55.05,27.79,28.04,28.03
55.064,27.81,28.04,28.03
55.079,27.87,28.04,28.03
55.093,27.86,28.04,28.04
55.108,27.91,28.04,28.04
55.122,27.9,28.04,28.04
55.136,27.84,28.04,28.04
55.15,27.74,28.04,28.04
55.164,27.78,28.04,28.04
55.179,27.93,28.04,28.04
55.193,27.93,28.04,28.04
55.207,27.88,28.04,28.04
55.221,27.91,28.04,28.04
55.235,27.9,28.04,28.04
55.25,27.81,28.04,28.04
55.264,27.83,28.04,28.04
55.278,27.96,28.04,28.04
55.293,27.95,28.04,28.04
55.307,27.86,28.04,28.04
55.321,27.81,28.04,28.04
55.338,27.81,28.04,28.04
55.352,27.82,28.04,28.04
55.366,27.87,28.04,28.04
55.38,27.89,28.05,28.04
55.395,27.88,28.05,28.04
55.409,27.88,28.05,28.04
55.423,27.83,28.05,28.04
55.438,27.84,28.04,28.04
55.452,27.87,28.04,28.04
55.466,27.86,28.04,28.04
55.48,27.84,28.05,28.04
55.495,27.82,28.05,28.04
55.509,27.82,28.05,28.04
55.523,27.88,28.04,28.04
55.537,27.88,28.04,28.04
55.553,27.86,28.05,28.04
55.568,27.88,28.05,28.04
55.582,27.86,28.05,28.04
55.596,27.85,28.05,28.05
55.611,27.86,28.05,28.05
55.625,27.86,28.05,28.05
55.639,27.87,28.05,28.04
55.653,27.83,28.05,28.04
55.667,27.82,28.05,28.04
55.681,27.89,28.04,28.04
55.696,27.93,28.05,28.04
55.71,27.9,28.04,28.04
55.724,27.83,28.04,28.04
55.738,27.88,28.04,28.04
55.753,27.89,28.04,28.04
55.767,27.84,28.04,28.04
55.781,27.85,28.04,28.04
55.795,27.89,28.05,28.04
55.809,27.85,28.05,28.04
55.824,27.84,28.04,28.04
55.838,27.85,28.04,28.04
55.852,27.85,28.04,28.04
55.867,27.85,28.04,28.04
55.881,27.83,28.04,28.04
55.895,27.81,28.04,28.04
55.909,27.8,28.04,28.04
55.923,27.84,28.04,28.04
55.938,27.88,28.04,28.04
55.954,27.87,28.04,28.04
55.968,27.85,28.04,28.04
55.982,27.84,28.04,28.04
55.997,27.84,28.04,28.04
56.011,27.87,28.04,28.04
56.025,27.87,28.04,28.04
56.039,27.8,28.04,28.04
56.053,27.78,28.04,28.04
56.067,27.86,28.04,28.04
56.081,27.88,28.04,28.04
56.098,27.85,28.04,28.04
56.112,27.83,28.04,28.04
56.126,27.76,28.04,28.04
56.141,27.77,28.04,28.04
56.155,27.82,28.04,28.04
56.169,27.83,28.04,28.04
56.183,27.86,28.04,28.04
56.198,27.88,28.04,28.04
56.212,27.83,28.04,28.04
56.226,27.77,28.04,28.04
56.241,27.77,28.04,28.04
56.255,27.86,28.04,28.04
56.269,27.88,28.04,28.04
56.283,27.84,28.04,28.04
56.297,27.78,28.04,28.04
56.312,27.84,28.04,28.04
56.326,27.91,28.04,28.04
56.34,27.92,28.04,28.04
56.354,27.87,28.04,28.04
56.369,27.87,28.04,28.04
56.383,27.83,28.04,28.04
56.397,27.82,28.04,28.04
56.411,27.84,28.04,28.04
56.43,27.85,28.04,28.04
56.444,27.86,28.04,28.04
56.458,27.9,28.04,28.04
56.472,27.91,28.04,28.04
56.486,27.91,28.04,28.04
56.501,27.85,28.05,28.04
56.515,27.81,28.05,28.05
56.529,27.84,28.05,28.04
56.543,27.89,28.05,28.05
56.557,27.86,28.05,28.05
56.571,27.85,28.05,28.05
56.585,27.89,28.05,28.05
56.6,27.94,28.05,28.05
56.614,27.87,28.05,28.05
56.628,27.82,28.05,28.05
56.645,27.85,28.05,28.05
56.659,27.89,28.05,28.05
56.673,27.85,28.05,28.05
56.687,27.83,28.05,28.05
56.701,27.84,28.05,28.05
56.716,27.83,28.05,28.05
56.73,27.81,28.05,28.05
56.744,27.81,28.05,28.05
56.758,27.82,28.05,28.05
56.772,27.89,28.05,28.05
56.787,27.86,28.05,28.05
56.801,27.87,28.05,28.05
56.815,27.87,28.05,28.05
56.829,27.84,28.05,28.05
56.843,27.84,28.05,28.05
56.857,27.89,28.05,28.05
56.872,27.89,28.05,28.05
56.886,27.87,28.05,28.05
56.9,27.85,28.05,28.05
56.914,27.83,28.05,28.05
56.929,27.89,28.05,28.05
56.943,27.92,28.05,28.05
56.957,27.86,28.05,28.05
56.971,27.82,28.05,28.05
56.985,27.8,28.05,28.05
56.999,27.83,28.05,28.04
57.013,27.82,28.05,28.05
57.028,27.87,28.05,28.05
57.042,27.93,28.05,28.05
57.056,27.9,28.05,28.05
57.07,27.85,28.05,28.05
57.085,27.82,28.05,28.05
57.099,27.88,28.05,28.05
57.113,27.9,28.05,28.05
57.127,27.85,28.05,28.05
57.141,27.85,28.05,28.05
57.156,27.89,28.05,28.05
57.17,27.87,28.05,28.05
57.184,27.84,28.05,28.05
57.198,27.84,28.05,28.05
57.212,27.84,28.05,28.05
57.226,27.84,28.05,28.05
57.24,27.85,28.05,28.05
57.255,27.89,28.05,28.05
57.269,27.9,28.05,28.05
57.284,27.87,28.05,28.05
57.3,27.88,28.05,28.05
57.314,27.9,28.05,28.05
57.328,27.88,28.05,28.05
57.342,27.84,28.05,28.05
57.357,27.84,28.05,28.05
57.371,27.84,28.05,28.05
57.385,27.9,28.05,28.05
57.399,27.9,28.05,28.05
57.414,27.87,28.05,28.05
57.428,27.89,28.05,28.05
57.442,27.9,28.05,28.05
57.456,27.86,28.05,28.05
57.47,27.85,28.05,28.05
57.484,27.92,28.05,28.05
57.499,27.9,28.05,28.05
57.512,27.83,28.06,28.05
57.527,27.86,28.06,28.05
57.541,27.92,28.05,28.05
57.555,27.91,28.05,28.05
57.569,27.84,28.05,28.05
57.584,27.82,28.06,28.05
57.598,27.84,28.06,28.05
57.612,27.9,28.06,28.05
57.626,27.88,28.06,28.05
57.641,27.87,28.06,28.05
57.654,27.91,28.06,28.05
57.669,27.93,28.06,28.06
57.683,27.91,28.06,28.06
57.697,27.86,28.06,28.06
57.711,27.86,28.06,28.06
57.725,27.87,28.06,28.06
57.739,27.85,28.06,28.06
57.753,27.83,28.06,28.06
57.767,27.84,28.06,28.06
57.782,27.83,28.06,28.06
57.796,27.83,28.06,28.06
57.81,27.87,28.06,28.06
57.824,27.85,28.06,28.06
57.84,27.79,28.06,28.06
57.854,27.8,28.06,28.05
57.869,27.84,28.06,28.05
57.883,27.84,28.06,28.05
57.897,27.84,28.06,28.05
57.911,27.84,28.06,28.05
57.925,27.86,28.06,28.05
57.94,27.85,28.06,28.05
57.954,27.86,28.06,28.06
57.968,27.83,28.06,28.06
57.982,27.84,28.06,28.06
57.997,27.85,28.06,28.06
58.011,27.82,28.06,28.06
58.025,27.88,28.06,28.06
58.039,27.86,28.06,28.06
58.058,27.8,28.06,28.06
58.072,27.83,28.06,28.06
58.086,27.84,28.06,28.06
58.1,27.86,28.06,28.06
58.115,27.88,28.06,28.06
58.129,27.85,28.06,28.06
58.143,27.8,28.06,28.06
58.158,27.8,28.06,28.06
58.172,27.83,28.06,28.06
58.186,27.89,28.06,28.06
58.2,27.89,28.06,28.06
58.214,27.84,28.06,28.06
58.228,27.83,28.06,28.06
58.243,27.86,28.06,28.06
58.257,27.84,28.06,28.06
58.271,27.83,28.06,28.06
58.286,27.9,28.06,28.06
58.3,27.93,28.06,28.06
58.314,27.88,28.06,28.06
58.328,27.85,28.06,28.06
58.342,27.85,28.06,28.06
58.357,27.85,28.06,28.06
58.371,27.86,28.06,28.06
58.385,27.84,28.06,28.06
58.4,27.83,28.06,28.06
58.414,27.88,28.06,28.06
58.428,27.91,28.06,28.06
58.442,27.88,28.06,28.06
58.457,27.93,28.06,28.06
58.471,27.82,28.06,28.06
58.485,27.78,28.06,28.06
58.499,27.85,28.06,28.06
58.513,27.91,28.06,28.06
58.528,27.92,28.06,28.06
58.542,27.9,28.06,28.06
58.556,27.87,28.06,28.06
58.571,27.86,28.06,28.06
58.585,27.85,28.06,28.06
58.6,27.85,28.06,28.06
58.615,27.88,28.06,28.06
58.629,27.92,28.06,28.06
58.643,27.87,28.06,28.06
58.657,27.75,28.06,28.05
58.672,27.78,28.06,28.05
58.686,27.8,28.06,28.05
58.7,27.87,28.05,28.05
58.714,27.89,28.05,28.05
58.729,27.85,28.05,28.05
58.743,27.84,28.05,28.05
58.757,27.89,28.06,28.05
58.771,27.88,28.06,28.05
58.786,27.85,28.06,28.05
58.8,27.86,28.06,28.05
58.815,27.88,28.06,28.05
58.828,27.88,28.06,28.06
58.842,27.82,28.06,28.06
58.856,27.8,28.06,28.06
58.871,27.8,28.06,28.06
58.885,27.83,28.06,28.06
58.899,27.83,28.06,28.06
58.914,27.84,28.06,28.05
58.928,27.83,28.06,28.05
58.942,27.83,28.05,28.05
58.956,27.87,28.06,28.05
58.97,27.89,28.06,28.05
58.985,27.88,28.06,28.05
58.999,27.87,28.06,28.05
59.013,27.85,28.06,28.05
59.027,27.83,28.06,28.05
59.041,27.79,28.06,28.05
59.056,27.81,28.06,28.05
59.07,27.82,28.06,28.05
59.085,27.85,28.05,28.05
59.099,27.9,28.05,28.05
59.113,27.91,28.05,28.05
59.127,27.92,28.05,28.05
59.141,27.89,28.06,28.05
59.155,27.85,28.05,28.05
59.17,27.85,28.05,28.05
59.184,27.89,28.05,28.05
59.198,27.85,28.05,28.05
59.212,27.81,28.05,28.05
59.227,27.82,28.05,28.05
59.241,27.84,28.05,28.05
59.258,27.86,28.06,28.05
59.273,27.88,28.06,28.05
59.287,27.86,28.06,28.05
59.301,27.85,28.06,28.05
59.315,27.89,28.06,28.05
59.33,27.88,28.06,28.06
59.344,27.87,28.06,28.06
59.358,27.89,28.06,28.06
59.373,27.87,28.06,28.06
59.387,27.87,28.06,28.06
59.401,27.86,28.06,28.06
59.416,27.84,28.06,28.05
59.43,27.83,28.05,28.05
59.444,27.84,28.06,28.05
59.458,27.89,28.06,28.05
59.474,27.86,28.06,28.06
59.489,27.8,28.06,28.06
59.503,27.8,28.06,28.05
59.517,27.81,28.06,28.05
59.531,27.86,28.06,28.05
59.545,27.88,28.06,28.05
59.559,27.76,28.06,28.05
59.573,27.77,28.06,28.05
59.588,27.88,28.06,28.05
59.602,27.89,28.05,28.05
59.616,27.85,28.05,28.05
59.63,27.87,28.05,28.05
59.645,27.85,28.05,28.05
59.659,27.82,28.05,28.05
59.673,27.84,28.05,28.05
59.687,27.86,28.05,28.05
59.702,27.86,28.05,28.05
59.716,27.86,28.05,28.05
59.73,27.82,28.05,28.05
59.744,27.83,28.05,28.05
59.759,27.88,28.05,28.05
59.773,27.87,28.05,28.05
59.787,27.89,28.05,28.05
59.801,27.92,28.05,28.05
59.816,27.94,28.05,28.05
59.83,27.92,28.05,28.05
59.844,27.85,28.05,28.05
59.858,27.85,28.05,28.05
59.873,27.89,28.06,28.05
59.887,27.88,28.06,28.05
59.901,27.83,28.06,28.05
59.915,27.86,28.06,28.05
59.93,27.89,28.06,28.05
59.944,27.89,28.06,28.05
59.958,27.83,28.06,28.05
59.973,27.77,28.06,28.05
59.987,27.8,28.06,28.05
