Time (s),Gyro Roll (deg)
0.001,-0.81
0.008,-0.81
0.023,-0.81
0.037,-0.81
0.052,-0.81
0.066,-0.81
0.081,-0.81
0.095,-0.81
0.11,-0.81
0.124,-0.81
0.139,-0.81
0.153,-0.81
0.168,-0.81
0.182,-0.81
0.196,-0.81
0.211,-0.81
0.225,-0.81
0.24,-0.81
0.254,-0.81
0.269,-0.8
0.284,-0.8
0.299,-0.8
0.313,-0.8
0.328,-0.8
0.342,-0.8
0.357,-0.8
0.371,-0.8
0.386,-0.8
0.4,-0.8
0.415,-0.8
0.429,-0.8
0.444,-0.8
0.458,-0.8
0.473,-0.8
0.487,-0.8
0.501,-0.8
0.516,-0.8
0.53,-0.8
0.545,-0.8
0.559,-0.8
0.574,-0.8
0.588,-0.8
0.602,-0.79
0.617,-0.79
0.631,-0.79
0.645,-0.79
0.66,-0.79
0.674,-0.79
0.688,-0.79
0.703,-0.79
0.717,-0.79
0.732,-0.79
0.746,-0.79
0.761,-0.79
0.775,-0.79
0.79,-0.79
0.804,-0.79
0.818,-0.79
0.834,-0.79
0.849,-0.79
0.863,-0.79
0.878,-0.79
0.892,-0.79
0.907,-0.79
0.921,-0.79
0.935,-0.79
0.95,-0.79
0.964,-0.79
0.979,-0.79
0.993,-0.79
1.008,-0.79
1.022,-0.79
1.037,-0.79
1.051,-0.79
1.066,-0.79
1.08,-0.79
1.095,-0.79
1.109,-0.79
1.124,-0.79
1.138,-0.79
1.153,-0.79
1.167,-0.79
1.182,-0.79
1.196,-0.79
1.21,-0.79
1.225,-0.79
1.24,-0.79
1.254,-0.79
1.269,-0.79
1.283,-0.79
1.298,-0.79
1.312,-0.79
1.327,-0.79
1.341,-0.79
1.356,-0.79
1.37,-0.79
1.385,-0.79
1.399,-0.79
1.414,-0.79
1.428,-0.79
1.443,-0.79
1.457,-0.79
1.471,-0.79
1.486,-0.79
1.5,-0.79
1.514,-0.79
1.529,-0.79
1.544,-0.79
1.558,-0.79
1.573,-0.78
1.587,-0.78
1.602,-0.78
1.616,-0.78
1.631,-0.78
1.645,-0.78
1.66,-0.78
1.674,-0.78
1.689,-0.78
1.703,-0.78
1.718,-0.78
1.732,-0.78
1.747,-0.78
1.761,-0.78
1.776,-0.78
1.79,-0.78
1.804,-0.78
1.819,-0.78
1.833,-0.78
1.848,-0.78
1.862,-0.78
1.877,-0.78
1.891,-0.78
1.906,-0.78
1.92,-0.78
1.935,-0.78
1.949,-0.78
1.964,-0.78
1.978,-0.78
1.993,-0.78
2.007,-0.78
2.022,-0.78
2.036,-0.78
2.051,-0.78
2.065,-0.78
2.08,-0.78
2.094,-0.78
2.109,-0.78
2.123,-0.78
2.137,-0.78
2.152,-0.78
2.167,-0.78
2.181,-0.78
2.195,-0.78
2.21,-0.78
2.225,-0.78
2.239,-0.78
2.253,-0.78
2.268,-0.78
2.282,-0.78
2.297,-0.78
2.311,-0.78
2.326,-0.78
2.34,-0.78
2.354,-0.78
2.369,-0.78
2.383,-0.78
2.398,-0.78
2.412,-0.78
2.427,-0.78
2.441,-0.78
2.455,-0.78
2.47,-0.78
2.484,-0.78
2.499,-0.78
2.513,-0.78
2.527,-0.78
2.542,-0.79
2.556,-0.78
2.571,-0.78
2.585,-0.78
2.6,-0.78
2.614,-0.78
2.629,-0.78
2.643,-0.78
2.658,-0.78
2.673,-0.78
2.688,-0.78
2.702,-0.78
2.717,-0.79
2.732,-0.79
2.746,-0.79
2.761,-0.78
2.775,-0.78
2.79,-0.78
2.804,-0.78
2.819,-0.78
2.833,-0.78
2.847,-0.78
2.862,-0.78
2.876,-0.78
2.891,-0.79
2.905,-0.79
2.92,-0.79
2.935,-0.78
2.949,-0.79
2.964,-0.79
2.978,-0.79
2.992,-0.79
3.007,-0.79
3.021,-0.79
3.036,-0.78
3.05,-0.78
3.065,-0.78
3.079,-0.78
3.093,-0.78
3.108,-0.78
3.123,-0.78
3.137,-0.78
3.151,-0.78
3.166,-0.78
3.18,-0.78
3.195,-0.78
3.209,-0.78
3.224,-0.78
3.238,-0.78
3.253,-0.78
3.267,-0.78
3.282,-0.78
3.296,-0.78
3.311,-0.78
3.328,-0.78
3.342,-0.78
3.357,-0.78
3.372,-0.78
3.386,-0.78
3.401,-0.77
3.416,-0.77
3.431,-0.78
3.446,-0.78
3.461,-0.78
3.476,-0.77
3.49,-0.77
3.505,-0.78
3.519,-0.77
3.534,-0.77
3.548,-0.77
3.563,-0.77
3.577,-0.77
3.592,-0.77
3.606,-0.77
3.621,-0.77
3.635,-0.77
3.651,-0.77
3.665,-0.77
3.68,-0.77
3.694,-0.77
3.709,-0.77
3.723,-0.77
3.737,-0.77
3.752,-0.77
3.766,-0.77
3.781,-0.77
3.795,-0.77
3.81,-0.77
3.824,-0.77
3.839,-0.77
3.853,-0.77
3.868,-0.77
3.883,-0.77
3.897,-0.77
3.912,-0.77
3.926,-0.77
3.941,-0.77
3.955,-0.77
3.97,-0.77
3.984,-0.77
3.998,-0.77
4.013,-0.77
4.027,-0.77
4.042,-0.77
4.056,-0.77
4.071,-0.77
4.088,-0.77
4.103,-0.77
4.117,-0.77
4.131,-0.77
4.146,-0.77
4.16,-0.77
4.175,-0.77
4.189,-0.77
4.204,-0.77
4.218,-0.77
4.233,-0.77
4.247,-0.77
4.262,-0.77
4.276,-0.77
4.291,-0.77
4.305,-0.77
4.32,-0.77
4.334,-0.77
4.349,-0.77
4.363,-0.77
4.378,-0.77
4.392,-0.77
4.407,-0.77
4.421,-0.78
4.435,-0.78
4.45,-0.78
4.464,-0.78
4.479,-0.78
4.493,-0.78
4.508,-0.78
4.522,-0.78
4.537,-0.77
4.552,-0.78
4.566,-0.78
4.581,-0.78
4.595,-0.78
4.61,-0.78
4.624,-0.78
4.639,-0.78
4.653,-0.78
4.668,-0.78
4.682,-0.78
4.697,-0.78
4.711,-0.78
4.726,-0.78
4.74,-0.78
4.755,-0.77
4.769,-0.77
4.784,-0.77
4.798,-0.77
4.813,-0.78
4.827,-0.78
4.842,-0.77
4.856,-0.78
4.871,-0.78
4.885,-0.78
4.9,-0.77
4.914,-0.77
4.929,-0.77
4.943,-0.77
4.958,-0.77
4.972,-0.78
4.986,-0.78
5.001,-0.78
5.015,-0.78
5.03,-0.78
5.044,-0.78
5.059,-0.78
5.073,-0.78
5.087,-0.78
5.102,-0.78
5.116,-0.78
5.131,-0.78
5.145,-0.78
5.16,-0.78
5.174,-0.78
5.188,-0.78
5.203,-0.78
5.217,-0.78
5.232,-0.78
5.246,-0.78
5.261,-0.78
5.275,-0.78
5.29,-0.78
5.304,-0.78
5.318,-0.78
5.333,-0.78
5.347,-0.78
5.361,-0.78
5.376,-0.78
5.39,-0.78
5.404,-0.78
5.419,-0.78
5.433,-0.79
5.448,-0.79
5.462,-0.79
5.476,-0.79
5.491,-0.79
5.505,-0.79
5.52,-0.79
5.534,-0.79
5.548,-0.79
5.563,-0.79
5.577,-0.79
5.592,-0.79
5.607,-0.79
5.622,-0.78
5.636,-0.78
5.65,-0.78
5.665,-0.78
5.679,-0.78
5.694,-0.78
5.708,-0.78
5.722,-0.78
5.737,-0.78
5.751,-0.78
5.766,-0.78
5.78,-0.78
5.795,-0.78
5.809,-0.78
5.824,-0.78
5.838,-0.78
5.852,-0.78
5.867,-0.78
5.881,-0.78
5.896,-0.78
5.91,-0.78
5.924,-0.78
5.939,-0.78
5.953,-0.78
5.967,-0.78
5.982,-0.78
5.996,-0.78
6.01,-0.78
6.025,-0.78
6.039,-0.78
6.054,-0.78
6.068,-0.78
6.083,-0.78
6.098,-0.78
6.112,-0.78
6.126,-0.78
6.141,-0.78
6.156,-0.78
6.17,-0.78
6.185,-0.78
6.199,-0.78
6.214,-0.78
6.228,-0.78
6.243,-0.78
6.258,-0.78
6.272,-0.78
6.287,-0.78
6.301,-0.78
6.316,-0.78
6.33,-0.78
6.345,-0.78
6.359,-0.78
6.374,-0.78
6.388,-0.78
6.403,-0.78
6.417,-0.78
6.432,-0.78
6.446,-0.78
6.46,-0.78
6.475,-0.78
6.49,-0.78
6.504,-0.78
6.518,-0.79
6.533,-0.78
6.547,-0.78
6.562,-0.78
6.576,-0.78
6.591,-0.78
6.605,-0.78
6.619,-0.78
6.634,-0.78
6.648,-0.78
6.663,-0.78
6.677,-0.78
6.692,-0.79
6.706,-0.79
6.721,-0.78
6.735,-0.78
6.75,-0.78
6.764,-0.78
6.779,-0.78
6.793,-0.78
6.808,-0.78
6.822,-0.78
6.837,-0.78
6.851,-0.78
6.866,-0.78
6.88,-0.78
6.895,-0.78
6.909,-0.78
6.924,-0.78
6.938,-0.78
6.953,-0.78
6.967,-0.78
6.981,-0.78
6.996,-0.78
7.01,-0.78
7.024,-0.77
7.039,-0.77
7.053,-0.77
7.067,-0.77
7.082,-0.77
7.097,-0.77
7.111,-0.77
7.126,-0.77
7.14,-0.78
7.154,-0.77
7.169,-0.78
7.184,-0.78
7.198,-0.78
7.212,-0.78
7.226,-0.78
7.241,-0.78
7.255,-0.78
7.27,-0.78
7.285,-0.78
7.3,-0.78
7.314,-0.78
7.329,-0.78
7.343,-0.78
7.358,-0.78
7.373,-0.78
7.388,-0.78
7.403,-0.78
7.418,-0.78
7.432,-0.78
7.446,-0.78
7.461,-0.78
7.476,-0.78
7.49,-0.77
7.504,-0.77
7.519,-0.77
7.533,-0.77
7.548,-0.77
7.562,-0.77
7.577,-0.77
7.591,-0.77
7.606,-0.77
7.62,-0.77
7.634,-0.77
7.649,-0.77
7.663,-0.77
7.678,-0.77
7.692,-0.78
7.706,-0.77
7.721,-0.77
7.735,-0.77
7.749,-0.78
7.764,-0.78
7.778,-0.78
7.793,-0.78
7.807,-0.78
7.821,-0.78
7.836,-0.78
7.85,-0.78
7.865,-0.78
7.879,-0.78
7.894,-0.78
7.908,-0.78
7.923,-0.78
7.937,-0.77
7.951,-0.77
7.966,-0.77
7.98,-0.77
7.994,-0.78
8.009,-0.77
8.024,-0.78
8.038,-0.78
8.052,-0.78
8.067,-0.78
8.081,-0.78
8.095,-0.78
8.11,-0.78
8.124,-0.78
8.139,-0.78
8.153,-0.78
8.168,-0.78
8.182,-0.78
8.197,-0.78
8.211,-0.78
8.225,-0.78
8.24,-0.78
8.255,-0.78
8.269,-0.78
8.284,-0.78
8.298,-0.78
8.313,-0.78
8.327,-0.78
8.341,-0.78
8.356,-0.78
8.37,-0.78
8.384,-0.78
8.399,-0.78
8.413,-0.78
8.428,-0.78
8.442,-0.78
8.457,-0.78
8.471,-0.78
8.486,-0.78
8.5,-0.78
8.514,-0.78
8.529,-0.78
8.543,-0.78
8.558,-0.78
8.572,-0.78
8.586,-0.78
8.601,-0.78
8.615,-0.78
8.63,-0.78
8.645,-0.78
8.659,-0.78
8.674,-0.78
8.688,-0.78
8.702,-0.78
8.717,-0.78
8.731,-0.78
8.746,-0.78
8.76,-0.78
8.775,-0.78
8.789,-0.78
8.804,-0.78
8.818,-0.78
8.832,-0.78
8.847,-0.78
8.861,-0.78
8.875,-0.78
8.89,-0.78
8.904,-0.78
8.918,-0.78
8.933,-0.78
8.947,-0.78
8.962,-0.78
8.976,-0.78
8.991,-0.78
9.005,-0.77
9.019,-0.77
9.034,-0.77
9.048,-0.78
9.063,-0.78
9.077,-0.77
9.092,-0.77
9.106,-0.78
9.12,-0.78
9.135,-0.78
9.149,-0.78
9.164,-0.78
9.178,-0.78
9.193,-0.78
9.207,-0.78
9.222,-0.78
9.236,-0.78
9.25,-0.78
9.265,-0.78
9.279,-0.78
9.293,-0.78
9.308,-0.78
9.322,-0.78
9.337,-0.78
9.351,-0.78
9.366,-0.78
9.38,-0.78
9.395,-0.78
9.409,-0.78
9.424,-0.78
9.438,-0.78
9.452,-0.78
9.467,-0.78
9.481,-0.78
9.496,-0.78
9.51,-0.78
9.525,-0.78
9.539,-0.78
9.554,-0.78
9.569,-0.77
9.583,-0.78
9.598,-0.77
9.612,-0.77
9.627,-0.77
9.641,-0.77
9.656,-0.77
9.67,-0.77
9.684,-0.77
9.699,-0.77
9.714,-0.77
9.728,-0.77
9.743,-0.77
9.757,-0.77
9.772,-0.77
9.787,-0.77
9.802,-0.77
9.816,-0.77
9.831,-0.77
9.845,-0.77
9.861,-0.77
9.875,-0.77
9.89,-0.77
9.905,-0.77
9.919,-0.77
9.933,-0.77
9.948,-0.77
9.962,-0.77
9.977,-0.77
9.991,-0.78
10.006,-0.78
10.02,-0.77
10.035,-0.77
10.049,-0.77
10.064,-0.77
10.078,-0.77
10.093,-0.77
10.107,-0.77
10.122,-0.77
10.137,-0.77
10.151,-0.77
10.165,-0.78
10.18,-0.78
10.194,-0.78
10.209,-0.78
10.224,-0.78
10.238,-0.78
10.253,-0.78
10.268,-0.78
10.282,-0.78
10.296,-0.78
10.311,-0.78
10.325,-0.78
10.339,-0.78
10.354,-0.78
10.368,-0.78
10.383,-0.78
10.397,-0.78
10.412,-0.78
10.426,-0.78
10.44,-0.78
10.455,-0.78
10.469,-0.78
10.484,-0.78
10.498,-0.78
10.513,-0.78
10.527,-0.78
10.542,-0.78
10.556,-0.78
10.57,-0.78
10.585,-0.78
10.6,-0.78
10.614,-0.78
10.629,-0.78
10.643,-0.78
10.657,-0.78
10.672,-0.78
10.687,-0.78
10.701,-0.78
10.715,-0.78
10.73,-0.78
10.745,-0.78
10.759,-0.78
10.774,-0.78
10.788,-0.78
10.803,-0.78
10.817,-0.78
10.832,-0.78
10.846,-0.78
10.86,-0.78
10.875,-0.78
10.889,-0.78
10.904,-0.78
10.918,-0.78
10.933,-0.78
10.947,-0.78
10.961,-0.78
10.976,-0.78
10.991,-0.78
11.005,-0.78
11.02,-0.78
11.034,-0.78
11.049,-0.78
11.063,-0.78
11.078,-0.78
11.092,-0.78
11.107,-0.78
11.122,-0.78
11.137,-0.78
11.152,-0.78
11.166,-0.78
11.183,-0.78
11.198,-0.78
11.212,-0.78
11.227,-0.78
11.241,-0.78
11.255,-0.78
11.27,-0.78
11.284,-0.78
11.299,-0.78
11.313,-0.78
11.328,-0.78
11.343,-0.78
11.357,-0.78
11.372,-0.78
11.387,-0.78
11.402,-0.78
11.417,-0.78
11.432,-0.78
11.446,-0.78
11.461,-0.78
11.475,-0.78
11.489,-0.78
11.504,-0.78
11.518,-0.78
11.533,-0.78
11.547,-0.78
11.562,-0.78
11.577,-0.78
11.591,-0.78
11.605,-0.78
11.619,-0.78
11.634,-0.78
11.648,-0.78
11.662,-0.78
11.677,-0.78
11.691,-0.78
11.706,-0.78
11.72,-0.78
11.735,-0.78
11.749,-0.78
11.764,-0.78
11.778,-0.78
11.793,-0.78
11.807,-0.78
11.822,-0.78
11.836,-0.78
11.851,-0.78
11.865,-0.77
11.879,-0.77
11.894,-0.77
11.909,-0.77
11.923,-0.77
11.938,-0.77
11.952,-0.77
11.966,-0.77
11.981,-0.77
11.995,-0.77
12.01,-0.77
12.024,-0.77
12.039,-0.77
12.053,-0.77
12.068,-0.77
12.082,-0.77
12.097,-0.77
12.111,-0.77
12.126,-0.77
12.141,-0.77
12.156,-0.77
12.17,-0.77
12.185,-0.77
12.199,-0.77
12.214,-0.77
12.228,-0.77
12.243,-0.77
12.257,-0.77
12.271,-0.77
12.286,-0.77
12.3,-0.77
12.315,-0.77
12.33,-0.77
12.344,-0.77
12.359,-0.77
12.373,-0.77
12.388,-0.77
12.402,-0.77
12.416,-0.77
12.431,-0.77
12.446,-0.77
12.46,-0.77
12.475,-0.77
12.489,-0.77
12.504,-0.77
12.518,-0.77
12.533,-0.77
12.547,-0.77
12.562,-0.77
12.576,-0.77
12.591,-0.77
12.605,-0.77
12.62,-0.77
12.634,-0.77
12.649,-0.77
12.663,-0.77
12.678,-0.77
12.692,-0.77
12.707,-0.78
12.721,-0.78
12.736,-0.78
12.75,-0.78
12.765,-0.77
12.78,-0.77
12.794,-0.78
12.809,-0.77
12.823,-0.77
12.838,-0.78
12.852,-0.77
12.867,-0.77
12.881,-0.77
12.896,-0.78
12.91,-0.78
12.925,-0.78
12.939,-0.78
12.954,-0.78
12.968,-0.78
12.983,-0.78
12.998,-0.77
13.013,-0.78
13.029,-0.78
13.043,-0.77
13.057,-0.77
13.072,-0.78
13.086,-0.78
13.101,-0.77
13.115,-0.78
13.13,-0.78
13.144,-0.78
13.159,-0.78
13.173,-0.78
13.188,-0.78
13.202,-0.78
13.217,-0.78
13.231,-0.78
13.246,-0.78
13.261,-0.78
13.275,-0.78
13.289,-0.78
13.304,-0.78
13.319,-0.78
13.333,-0.77
13.348,-0.77
13.362,-0.77
13.377,-0.77
13.392,-0.77
13.406,-0.77
13.42,-0.77
13.435,-0.78
13.449,-0.78
13.464,-0.78
13.478,-0.77
13.493,-0.77
13.507,-0.77
13.522,-0.77
13.536,-0.77
13.55,-0.77
13.565,-0.77
13.579,-0.77
13.594,-0.77
13.608,-0.77
13.623,-0.77
13.637,-0.78
13.651,-0.78
13.666,-0.78
13.681,-0.78
13.696,-0.78
13.711,-0.78
13.725,-0.78
13.74,-0.78
13.754,-0.78
13.769,-0.78
13.783,-0.78
13.798,-0.78
13.812,-0.78
13.827,-0.78
13.841,-0.78
13.856,-0.78
13.87,-0.78
13.885,-0.78
13.899,-0.78
13.914,-0.78
13.929,-0.78
13.943,-0.78
13.957,-0.78
13.972,-0.78
13.986,-0.78
14.001,-0.78
14.015,-0.78
14.03,-0.78
14.045,-0.78
14.059,-0.78
14.074,-0.77
14.088,-0.78
14.102,-0.78
14.117,-0.77
14.131,-0.77
14.146,-0.77
14.16,-0.77
14.175,-0.77
14.19,-0.77
14.204,-0.77
14.218,-0.77
14.233,-0.77
14.248,-0.77
14.262,-0.77
14.277,-0.77
14.291,-0.77
14.305,-0.77
14.32,-0.77
14.334,-0.77
14.349,-0.77
14.363,-0.77
14.378,-0.77
14.393,-0.77
14.408,-0.77
14.422,-0.77
14.436,-0.77
14.451,-0.77
14.465,-0.77
14.48,-0.77
14.495,-0.77
14.509,-0.77
14.524,-0.77
14.538,-0.77
14.553,-0.77
14.567,-0.77
14.582,-0.77
14.596,-0.77
14.611,-0.77
14.626,-0.77
14.64,-0.77
14.655,-0.77
14.669,-0.77
14.684,-0.77
14.698,-0.77
14.713,-0.77
14.727,-0.77
14.742,-0.77
14.756,-0.77
14.771,-0.77
14.785,-0.77
14.8,-0.77
14.814,-0.77
14.829,-0.77
14.843,-0.77
14.858,-0.77
14.872,-0.77
14.887,-0.77
14.901,-0.77
14.915,-0.77
14.93,-0.77
14.944,-0.76
14.959,-0.76
14.973,-0.76
14.987,-0.77
15.002,-0.77
15.017,-0.77
15.031,-0.77
15.046,-0.76
15.061,-0.76
15.075,-0.76
15.09,-0.76
15.104,-0.76
15.119,-0.76
15.133,-0.77
15.147,-0.77
15.162,-0.77
15.177,-0.77
15.191,-0.77
15.205,-0.77
15.221,-0.77
15.235,-0.77
15.25,-0.77
15.264,-0.77
15.279,-0.77
15.293,-0.77
15.308,-0.77
15.323,-0.77
15.337,-0.76
15.351,-0.76
15.366,-0.76
15.38,-0.76
15.395,-0.76
15.409,-0.76
15.425,-0.77
15.439,-0.77
15.454,-0.77
15.468,-0.77
15.482,-0.77
15.497,-0.77
15.511,-0.77
15.525,-0.77
15.54,-0.77
15.554,-0.77
15.568,-0.77
15.583,-0.77
15.598,-0.77
15.612,-0.77
15.627,-0.77
15.641,-0.77
15.656,-0.77
15.67,-0.77
15.685,-0.77
15.699,-0.77
15.714,-0.77
15.728,-0.77
15.743,-0.77
15.757,-0.77
15.772,-0.77
15.786,-0.77
15.801,-0.77
15.815,-0.77
15.83,-0.77
15.844,-0.77
15.862,-0.77
15.876,-0.77
15.891,-0.77
15.905,-0.77
15.919,-0.77
15.934,-0.77
15.948,-0.77
15.963,-0.76
15.978,-0.77
15.992,-0.77
16.006,-0.77
16.021,-0.77
16.035,-0.77
16.05,-0.77
16.064,-0.77
16.079,-0.77
16.093,-0.77
16.107,-0.77
16.122,-0.77
16.137,-0.77
16.151,-0.77
16.165,-0.76
16.18,-0.77
16.194,-0.77
16.209,-0.77
16.223,-0.77
16.238,-0.77
16.252,-0.77
16.266,-0.77
16.281,-0.77
16.295,-0.77
16.31,-0.77
16.324,-0.77
16.339,-0.77
16.353,-0.77
16.367,-0.77
16.382,-0.77
16.396,-0.77
16.411,-0.77
16.425,-0.77
16.44,-0.77
16.454,-0.77
16.469,-0.77
16.484,-0.77
16.498,-0.77
16.512,-0.77
16.527,-0.77
16.541,-0.77
16.556,-0.77
16.57,-0.77
16.585,-0.77
16.599,-0.77
16.614,-0.77
16.628,-0.77
16.643,-0.77
16.657,-0.77
16.672,-0.77
16.686,-0.77
16.701,-0.77
16.716,-0.77
16.73,-0.77
16.745,-0.77
16.759,-0.77
16.774,-0.77
16.788,-0.77
16.802,-0.77
16.816,-0.77
16.831,-0.77
16.845,-0.78
16.86,-0.78
16.874,-0.77
16.889,-0.77
16.903,-0.77
16.918,-0.77
16.932,-0.77
16.946,-0.77
16.961,-0.77
16.975,-0.77
16.99,-0.77
17.004,-0.77
17.019,-0.77
17.033,-0.77
17.047,-0.77
17.062,-0.77
17.076,-0.77
17.091,-0.77
17.105,-0.77
17.12,-0.77
17.134,-0.77
17.149,-0.77
17.17,-0.77
17.184,-0.77
17.199,-0.77
17.213,-0.77
17.228,-0.77
17.242,-0.77
17.257,-0.77
17.271,-0.77
17.286,-0.77
17.3,-0.77
17.315,-0.77
17.33,-0.77
17.344,-0.77
17.358,-0.77
17.373,-0.77
17.387,-0.77
17.402,-0.77
17.416,-0.77
17.431,-0.77
17.445,-0.77
17.46,-0.77
17.474,-0.77
17.489,-0.77
17.503,-0.77
17.517,-0.77
17.532,-0.77
17.546,-0.77
17.561,-0.77
17.578,-0.77
17.592,-0.77
17.606,-0.77
17.621,-0.77
17.635,-0.77
17.65,-0.77
17.664,-0.77
17.679,-0.77
17.693,-0.77
17.708,-0.78
17.723,-0.78
17.737,-0.78
17.751,-0.78
17.766,-0.77
17.78,-0.77
17.794,-0.77
17.809,-0.77
17.824,-0.77
17.838,-0.78
17.853,-0.78
17.867,-0.77
17.882,-0.77
17.896,-0.77
17.911,-0.77
17.925,-0.77
17.94,-0.77
17.954,-0.77
17.968,-0.77
17.983,-0.77
17.997,-0.77
18.012,-0.77
18.026,-0.77
18.041,-0.77
18.055,-0.77
18.07,-0.77
18.084,-0.77
18.099,-0.77
18.113,-0.77
18.128,-0.77
18.142,-0.77
18.157,-0.77
18.171,-0.77
18.186,-0.77
18.201,-0.77
18.215,-0.77
18.23,-0.77
18.245,-0.77
18.26,-0.77
18.275,-0.77
18.289,-0.77
18.304,-0.77
18.318,-0.77
18.333,-0.77
18.347,-0.77
18.362,-0.77
18.376,-0.77
18.391,-0.77
18.405,-0.77
18.42,-0.78
18.434,-0.77
18.449,-0.78
18.464,-0.78
18.479,-0.78
18.493,-0.77
18.508,-0.77
18.522,-0.77
18.536,-0.77
18.551,-0.77
18.565,-0.77
18.582,-0.77
18.596,-0.77
18.611,-0.77
18.625,-0.77
18.64,-0.77
18.655,-0.77
18.669,-0.77
18.684,-0.78
18.698,-0.78
18.712,-0.78
18.727,-0.78
18.741,-0.78
18.756,-0.78
18.77,-0.78
18.785,-0.78
18.799,-0.78
18.814,-0.78
18.829,-0.78
18.843,-0.78
18.857,-0.78
18.872,-0.77
18.887,-0.77
18.901,-0.77
18.916,-0.77
18.93,-0.77
18.944,-0.77
18.959,-0.77
18.973,-0.77
18.988,-0.77
19.003,-0.77
19.017,-0.77
19.032,-0.77
19.046,-0.77
19.061,-0.77
19.075,-0.77
19.089,-0.77
19.104,-0.77
19.119,-0.77
19.134,-0.77
19.148,-0.77
19.163,-0.77
19.178,-0.77
19.192,-0.77
19.206,-0.77
19.221,-0.77
19.235,-0.77
19.25,-0.77
19.264,-0.77
19.278,-0.77
19.293,-0.77
19.308,-0.77
19.322,-0.77
19.337,-0.77
19.351,-0.77
19.365,-0.77
19.38,-0.77
19.394,-0.77
19.408,-0.77
19.423,-0.77
19.437,-0.77
19.452,-0.77
19.466,-0.78
19.481,-0.78
19.496,-0.78
19.51,-0.78
19.525,-0.78
19.539,-0.78
19.554,-0.78
19.569,-0.78
19.584,-0.77
19.598,-0.77
19.613,-0.78
19.627,-0.78
19.642,-0.78
19.656,-0.78
19.671,-0.78
19.686,-0.78
19.7,-0.78
19.715,-0.78
19.729,-0.77
19.744,-0.77
19.758,-0.77
19.776,-0.77
19.791,-0.77
19.805,-0.77
19.82,-0.77
19.835,-0.78
19.85,-0.78
19.864,-0.77
19.879,-0.77
19.893,-0.77
19.908,-0.77
19.922,-0.77
19.937,-0.77
19.952,-0.77
19.966,-0.77
19.981,-0.77
19.995,-0.77
20.01,-0.77
20.024,-0.77
20.039,-0.77
20.053,-0.77
20.068,-0.77
20.083,-0.77
20.097,-0.77
20.111,-0.77
20.126,-0.76
20.141,-0.76
20.155,-0.77
20.17,-0.77
20.185,-0.77
20.199,-0.77
20.214,-0.77
20.228,-0.77
20.242,-0.77
20.257,-0.77
20.271,-0.76
20.286,-0.76
20.3,-0.76
20.316,-0.77
20.329,-0.77
20.344,-0.77
20.359,-0.77
20.373,-0.77
20.388,-0.77
20.402,-0.77
20.417,-0.77
20.431,-0.77
20.446,-0.77
20.46,-0.77
20.475,-0.76
20.489,-0.76
20.504,-0.77
20.518,-0.77
20.533,-0.77
20.547,-0.77
20.562,-0.77
20.576,-0.77
20.591,-0.77
20.605,-0.77
20.62,-0.77
20.634,-0.77
20.649,-0.77
20.663,-0.77
20.678,-0.77
20.692,-0.77
20.707,-0.77
20.721,-0.77
20.736,-0.77
20.75,-0.77
20.765,-0.77
20.779,-0.77
20.794,-0.77
20.808,-0.77
20.823,-0.77
20.837,-0.77
20.852,-0.77
20.866,-0.76
20.881,-0.77
20.895,-0.77
20.909,-0.77
20.924,-0.77
20.939,-0.77
20.953,-0.77
20.968,-0.77
20.982,-0.77
20.997,-0.77
21.011,-0.77
21.026,-0.77
21.04,-0.77
21.055,-0.77
21.069,-0.77
21.084,-0.77
21.098,-0.77
21.113,-0.77
21.127,-0.77
21.141,-0.77
21.156,-0.77
21.17,-0.77
21.185,-0.77
21.199,-0.77
21.214,-0.77
21.228,-0.77
21.243,-0.77
21.257,-0.77
21.272,-0.77
21.287,-0.77
21.302,-0.77
21.316,-0.77
21.331,-0.77
21.346,-0.77
21.361,-0.77
21.375,-0.78
21.39,-0.78
21.404,-0.78
21.419,-0.78
21.434,-0.78
21.448,-0.78
21.462,-0.77
21.477,-0.77
21.491,-0.77
21.506,-0.77
21.52,-0.77
21.535,-0.77
21.549,-0.77
21.564,-0.77
21.578,-0.77
21.593,-0.77
21.607,-0.77
21.622,-0.77
21.636,-0.77
21.651,-0.77
21.665,-0.77
21.68,-0.77
21.694,-0.77
21.709,-0.77
21.723,-0.77
21.737,-0.77
21.752,-0.77
21.767,-0.77
21.781,-0.77
21.796,-0.77
21.811,-0.77
21.825,-0.77
21.839,-0.77
21.854,-0.77
21.868,-0.77
21.882,-0.77
21.896,-0.77
21.911,-0.77
21.926,-0.77
21.94,-0.78
21.955,-0.77
21.969,-0.77
21.984,-0.77
21.998,-0.77
22.013,-0.77
22.027,-0.77
22.042,-0.78
22.056,-0.78
22.071,-0.78
22.085,-0.77
22.099,-0.77
22.114,-0.77
22.129,-0.77
22.143,-0.77
22.157,-0.77
22.172,-0.77
22.186,-0.77
22.201,-0.77
22.215,-0.77
22.23,-0.77
22.244,-0.77
22.259,-0.77
22.273,-0.77
22.287,-0.77
22.302,-0.77
22.316,-0.77
22.331,-0.77
22.345,-0.77
22.36,-0.77
22.374,-0.77
22.388,-0.77
22.404,-0.77
22.419,-0.77
22.433,-0.77
22.448,-0.77
22.462,-0.77
22.477,-0.77
22.491,-0.77
22.506,-0.77
22.52,-0.77
22.534,-0.77
22.549,-0.77
22.563,-0.77
22.578,-0.77
22.592,-0.77
22.607,-0.77
22.621,-0.77
22.636,-0.77
22.65,-0.77
22.665,-0.77
22.679,-0.77
22.694,-0.77
22.708,-0.77
22.723,-0.76
22.737,-0.76
22.752,-0.76
22.766,-0.76
22.781,-0.76
22.796,-0.76
22.81,-0.76
22.825,-0.76
22.839,-0.76
22.853,-0.76
22.868,-0.76
22.882,-0.77
22.897,-0.77
22.911,-0.77
22.926,-0.77
22.941,-0.77
22.955,-0.77
22.97,-0.77
22.984,-0.77
22.999,-0.77
23.013,-0.77
23.028,-0.77
23.043,-0.77
23.057,-0.77
23.071,-0.77
23.086,-0.77
23.101,-0.77
23.115,-0.77
23.129,-0.77
23.144,-0.77
23.158,-0.77
23.173,-0.77
23.187,-0.77
23.202,-0.77
23.216,-0.77
23.231,-0.77
23.245,-0.77
23.259,-0.77
23.274,-0.77
23.288,-0.77
23.303,-0.77
23.317,-0.77
23.332,-0.77
23.347,-0.77
23.361,-0.77
23.376,-0.77
23.39,-0.77
23.405,-0.77
23.419,-0.77
23.433,-0.77
23.448,-0.77
23.462,-0.77
23.477,-0.77
23.491,-0.77
23.506,-0.77
23.52,-0.77
23.535,-0.77
23.55,-0.77
23.564,-0.77
23.578,-0.77
23.593,-0.77
23.607,-0.77
23.622,-0.77
23.636,-0.77
23.651,-0.77
23.665,-0.77
23.68,-0.77
23.695,-0.77
23.709,-0.77
23.723,-0.77
23.738,-0.77
23.753,-0.77
23.767,-0.77
23.781,-0.77
23.796,-0.77
23.81,-0.77
23.825,-0.77
23.84,-0.77
23.854,-0.77
23.868,-0.77
23.883,-0.77
23.897,-0.77
23.911,-0.77
23.926,-0.77
23.94,-0.77
23.955,-0.77
23.969,-0.77
23.984,-0.77
23.999,-0.77
24.013,-0.76
24.028,-0.76
24.042,-0.76
24.057,-0.76
24.072,-0.76
24.086,-0.76
24.101,-0.76
24.115,-0.76
24.13,-0.76
24.144,-0.76
24.158,-0.76
24.173,-0.76
24.187,-0.76
24.201,-0.76
24.216,-0.76
24.23,-0.76
24.245,-0.76
24.259,-0.76
24.274,-0.76
24.288,-0.76
24.303,-0.76
24.317,-0.76
24.332,-0.76
24.346,-0.76
24.361,-0.76
24.375,-0.76
24.39,-0.76
24.404,-0.76
24.419,-0.76
24.433,-0.76
24.448,-0.76
24.462,-0.76
24.476,-0.76
24.491,-0.76
24.505,-0.76
24.52,-0.76
24.534,-0.76
24.549,-0.76
24.563,-0.76
24.578,-0.76
24.592,-0.76
24.607,-0.76
24.621,-0.76
24.636,-0.76
24.65,-0.76
24.665,-0.76
24.679,-0.76
24.694,-0.76
24.708,-0.76
24.723,-0.76
24.738,-0.76
24.752,-0.76
24.766,-0.76
24.781,-0.76
24.795,-0.76
24.817,-0.76
24.832,-0.76
24.846,-0.76
24.861,-0.76
24.875,-0.76
24.89,-0.76
24.904,-0.76
24.919,-0.76
24.933,-0.76
24.947,-0.76
24.962,-0.76
24.977,-0.76
24.991,-0.76
25.005,-0.76
25.02,-0.76
25.034,-0.76
25.049,-0.76
25.063,-0.76
25.078,-0.76
25.092,-0.76
25.107,-0.76
25.121,-0.76
25.136,-0.76
25.15,-0.76
25.165,-0.76
25.179,-0.76
25.194,-0.76
25.209,-0.76
25.223,-0.76
25.238,-0.76
25.252,-0.76
25.266,-0.76
25.281,-0.76
25.295,-0.76
25.31,-0.76
25.324,-0.76
25.339,-0.76
25.354,-0.76
25.368,-0.76
25.383,-0.76
25.397,-0.76
25.412,-0.76
25.426,-0.76
25.441,-0.76
25.455,-0.76
25.469,-0.76
25.484,-0.76
25.498,-0.76
25.513,-0.76
25.527,-0.76
25.542,-0.76
25.556,-0.76
25.57,-0.76
25.585,-0.76
25.6,-0.77
25.614,-0.76
25.629,-0.77
25.643,-0.76
25.658,-0.76
25.672,-0.76
25.687,-0.76
25.701,-0.76
25.716,-0.76
25.73,-0.76
25.744,-0.76
25.759,-0.76
25.773,-0.76
25.788,-0.76
25.802,-0.76
25.817,-0.76
25.831,-0.76
25.846,-0.76
25.86,-0.76
25.875,-0.76
25.89,-0.76
25.904,-0.76
25.919,-0.76
25.933,-0.76
25.948,-0.76
25.963,-0.76
25.977,-0.76
25.991,-0.76
26.005,-0.76
26.02,-0.76
26.034,-0.76
26.049,-0.76
26.063,-0.76
26.078,-0.76
26.092,-0.76
26.107,-0.76
26.121,-0.76
26.136,-0.76
26.15,-0.76
26.165,-0.76
26.179,-0.76
26.194,-0.76
26.208,-0.76
26.223,-0.76
26.238,-0.76
26.252,-0.76
26.267,-0.76
26.281,-0.76
26.296,-0.76
26.31,-0.76
26.324,-0.76
26.339,-0.76
26.353,-0.76
26.368,-0.76
26.382,-0.76
26.397,-0.76
26.411,-0.76
26.426,-0.76
26.44,-0.76
26.455,-0.76
26.469,-0.76
26.484,-0.76
26.498,-0.76
26.513,-0.76
26.527,-0.76
26.541,-0.76
26.556,-0.76
26.57,-0.76
26.585,-0.76
26.599,-0.76
26.614,-0.76
26.628,-0.76
26.643,-0.76
26.657,-0.76
26.671,-0.76
26.686,-0.76
26.7,-0.76
26.715,-0.76
26.729,-0.76
26.743,-0.76
26.758,-0.76
26.773,-0.76
26.787,-0.76
26.802,-0.76
26.816,-0.76
26.831,-0.76
26.845,-0.76
26.859,-0.76
26.874,-0.76
26.888,-0.76
26.903,-0.76
26.918,-0.76
26.933,-0.76
26.947,-0.76
26.962,-0.76
26.976,-0.76
26.991,-0.76
27.005,-0.76
27.019,-0.76
27.034,-0.76
27.049,-0.76
27.063,-0.76
27.077,-0.76
27.092,-0.76
27.106,-0.76
27.121,-0.76
27.135,-0.76
27.15,-0.76
27.164,-0.76
27.178,-0.76
27.193,-0.76
27.207,-0.76
27.222,-0.76
27.236,-0.76
27.251,-0.76
27.265,-0.76
27.28,-0.76
27.294,-0.76
27.309,-0.76
27.323,-0.76
27.338,-0.76
27.352,-0.76
27.367,-0.76
27.381,-0.76
27.396,-0.76
27.41,-0.76
27.425,-0.76
27.439,-0.76
27.454,-0.76
27.468,-0.76
27.483,-0.76
27.497,-0.76
27.512,-0.76
27.526,-0.76
27.541,-0.76
27.555,-0.76
27.57,-0.76
27.584,-0.76
27.599,-0.76
27.613,-0.76
27.628,-0.76
27.643,-0.76
27.658,-0.76
27.673,-0.76
27.688,-0.76
27.702,-0.76
27.717,-0.76
27.731,-0.76
27.745,-0.76
27.76,-0.76
27.774,-0.76
27.789,-0.76
27.803,-0.76
27.818,-0.76
27.832,-0.76
27.847,-0.76
27.861,-0.76
27.876,-0.76
27.89,-0.76
27.905,-0.76
27.919,-0.76
27.934,-0.76
27.948,-0.76
27.963,-0.76
27.981,-0.76
27.995,-0.76
28.01,-0.76
28.024,-0.76
28.039,-0.76
28.053,-0.76
28.067,-0.76
28.082,-0.76
28.096,-0.76
28.111,-0.76
28.126,-0.76
28.14,-0.76
28.155,-0.76
28.169,-0.76
28.184,-0.76
28.199,-0.76
28.214,-0.76
28.228,-0.76
28.243,-0.76
28.258,-0.76
28.272,-0.76
28.287,-0.76
28.302,-0.76
28.317,-0.76
28.331,-0.76
28.346,-0.76
28.36,-0.75
28.375,-0.76
28.39,-0.76
28.405,-0.76
28.422,-0.76
28.437,-0.76
28.451,-0.76
28.465,-0.76
28.48,-0.76
28.495,-0.76
28.51,-0.76
28.525,-0.76
28.539,-0.76
28.555,-0.76
28.569,-0.76
28.584,-0.76
28.599,-0.76
28.613,-0.76
28.628,-0.76
28.642,-0.76
28.657,-0.75
28.672,-0.75
28.686,-0.75
28.701,-0.75
28.716,-0.75
28.73,-0.75
28.745,-0.75
28.759,-0.75
28.774,-0.76
28.789,-0.76
28.803,-0.75
28.818,-0.75
28.832,-0.75
28.846,-0.75
28.861,-0.75
28.875,-0.75
28.89,-0.75
28.904,-0.75
28.919,-0.75
28.933,-0.75
28.948,-0.75
28.962,-0.75
28.977,-0.75
28.991,-0.75
29.005,-0.75
29.02,-0.75
29.034,-0.75
29.049,-0.75
29.063,-0.75
29.077,-0.75
29.092,-0.75
29.106,-0.75
29.121,-0.75
29.136,-0.75
29.151,-0.75
29.165,-0.75
29.179,-0.75
29.194,-0.75
29.208,-0.76
29.222,-0.75
29.237,-0.75
29.252,-0.75
29.266,-0.75
29.281,-0.76
29.296,-0.76
29.31,-0.76
29.325,-0.76
29.34,-0.76
29.354,-0.76
29.369,-0.76
29.383,-0.76
29.398,-0.76
29.413,-0.76
29.427,-0.76
29.442,-0.76
29.457,-0.76
29.472,-0.76
29.486,-0.76
29.501,-0.76
29.516,-0.76
29.53,-0.76
29.545,-0.76
29.559,-0.76
29.574,-0.76
29.588,-0.76
29.603,-0.76
29.618,-0.76
29.632,-0.76
29.647,-0.76
29.661,-0.76
29.676,-0.76
29.691,-0.76
29.706,-0.76
29.721,-0.76
29.735,-0.76
29.75,-0.76
29.764,-0.76
29.779,-0.76
29.793,-0.76
29.808,-0.76
29.822,-0.76
29.837,-0.76
29.851,-0.76
29.866,-0.76
29.88,-0.76
29.895,-0.76
29.91,-0.76
29.924,-0.76
29.939,-0.76
29.953,-0.76
29.968,-0.76
29.982,-0.76
29.997,-0.76
30.012,-0.76
30.026,-0.76
30.041,-0.76
30.055,-0.76
30.069,-0.76
30.084,-0.76
30.099,-0.76
30.113,-0.76
30.128,-0.76
30.143,-0.76
30.158,-0.76
30.172,-0.76
30.187,-0.76
30.201,-0.76
30.217,-0.76
30.231,-0.76
30.246,-0.76
30.261,-0.76
30.275,-0.76
30.29,-0.76
30.305,-0.76
30.32,-0.76
30.335,-0.76
30.349,-0.76
30.364,-0.76
30.378,-0.76
30.393,-0.76
30.408,-0.76
30.422,-0.76
30.437,-0.76
30.452,-0.76
30.467,-0.76
30.481,-0.76
30.496,-0.76
30.51,-0.76
30.525,-0.76
30.54,-0.76
30.554,-0.76
30.568,-0.76
30.583,-0.76
30.597,-0.76
30.612,-0.76
30.626,-0.76
30.641,-0.76
30.656,-0.76
30.67,-0.76
30.685,-0.76
30.699,-0.76
30.714,-0.76
30.729,-0.76
30.743,-0.76
30.758,-0.76
30.772,-0.76
30.787,-0.76
30.802,-0.77
30.817,-0.77
30.831,-0.77
30.846,-0.77
30.86,-0.77
30.874,-0.77
30.889,-0.77
30.903,-0.77
30.918,-0.77
30.932,-0.77
30.947,-0.77
30.961,-0.77
30.975,-0.77
30.99,-0.77
31.004,-0.77
31.019,-0.77
31.033,-0.77
31.048,-0.77
31.063,-0.77
31.077,-0.77
31.092,-0.77
31.106,-0.77
31.121,-0.77
31.135,-0.77
31.15,-0.77
31.165,-0.77
31.179,-0.77
31.194,-0.77
31.208,-0.77
31.223,-0.77
31.237,-0.77
31.251,-0.77
31.267,-0.77
31.282,-0.77
31.297,-0.77
31.311,-0.77
31.326,-0.77
31.34,-0.77
31.355,-0.77
31.369,-0.77
31.383,-0.77
31.398,-0.77
31.412,-0.77
31.427,-0.77
31.441,-0.77
31.456,-0.77
31.47,-0.77
31.485,-0.77
31.5,-0.77
31.514,-0.77
31.528,-0.77
31.543,-0.77
31.557,-0.77
31.571,-0.77
31.586,-0.77
31.6,-0.77
31.615,-0.77
31.629,-0.77
31.643,-0.77
31.658,-0.77
31.672,-0.77
31.687,-0.77
31.702,-0.77
31.716,-0.77
31.73,-0.77
31.745,-0.77
31.76,-0.77
31.774,-0.77
31.789,-0.77
31.803,-0.77
31.817,-0.77
31.832,-0.77
31.846,-0.77
31.861,-0.77
31.875,-0.77
31.89,-0.77
31.904,-0.77
31.919,-0.77
31.933,-0.77
31.948,-0.77
31.962,-0.77
31.976,-0.77
31.991,-0.77
32.005,-0.77
32.02,-0.77
32.034,-0.77
32.049,-0.77
32.063,-0.77
32.078,-0.77
32.092,-0.77
32.107,-0.77
32.121,-0.77
32.136,-0.76
32.151,-0.77
32.165,-0.77
32.179,-0.77
32.194,-0.77
32.208,-0.77
32.223,-0.77
32.237,-0.77
32.252,-0.77
32.266,-0.77
32.281,-0.77
32.295,-0.77
32.31,-0.77
32.325,-0.76
32.339,-0.76
32.353,-0.76
32.368,-0.77
32.383,-0.76
32.397,-0.76
32.412,-0.76
32.426,-0.76
32.441,-0.76
32.455,-0.76
32.47,-0.76
32.484,-0.76
32.499,-0.76
32.513,-0.77
32.528,-0.77
32.543,-0.77
32.557,-0.77
32.571,-0.77
32.586,-0.77
32.6,-0.77
32.615,-0.77
32.629,-0.77
32.644,-0.77
32.658,-0.77
32.673,-0.77
32.687,-0.77
32.701,-0.77
32.716,-0.77
32.73,-0.77
32.745,-0.77
32.76,-0.77
32.774,-0.77
32.788,-0.77
32.803,-0.77
32.817,-0.77
32.832,-0.77
32.846,-0.77
32.861,-0.77
32.875,-0.77
32.89,-0.77
32.904,-0.77
32.919,-0.77
32.933,-0.77
32.948,-0.77
32.962,-0.77
32.977,-0.77
32.991,-0.77
33.006,-0.77
33.02,-0.77
33.035,-0.77
33.049,-0.77
33.064,-0.77
33.078,-0.77
33.093,-0.77
33.107,-0.77
33.122,-0.77
33.136,-0.77
33.151,-0.77
33.165,-0.77
33.18,-0.77
33.194,-0.77
33.208,-0.77
33.223,-0.77
33.237,-0.77
33.252,-0.77
33.266,-0.77
33.281,-0.77
33.295,-0.77
33.31,-0.77
33.324,-0.77
33.339,-0.77
33.354,-0.77
33.368,-0.77
33.383,-0.77
33.397,-0.77
33.412,-0.77
33.426,-0.77
33.441,-0.77
33.456,-0.77
33.47,-0.77
33.484,-0.77
33.499,-0.77
33.513,-0.77
33.528,-0.77
33.542,-0.77
33.557,-0.77
33.571,-0.77
33.586,-0.77
33.6,-0.77
33.615,-0.77
33.629,-0.77
33.643,-0.77
33.658,-0.77
33.672,-0.77
33.687,-0.77
33.701,-0.77
33.715,-0.77
33.73,-0.77
33.744,-0.77
33.758,-0.77
33.773,-0.77
33.787,-0.77
33.802,-0.77
33.816,-0.77
33.83,-0.77
33.845,-0.77
33.859,-0.77
33.874,-0.77
33.888,-0.77
33.903,-0.77
33.918,-0.77
33.932,-0.77
33.947,-0.77
33.961,-0.77
33.976,-0.77
33.99,-0.77
34.005,-0.77
34.02,-0.77
34.035,-0.77
34.049,-0.77
34.064,-0.77
34.078,-0.77
34.093,-0.77
34.107,-0.77
34.122,-0.77
34.136,-0.77
34.151,-0.77
34.165,-0.77
34.18,-0.77
34.194,-0.77
34.209,-0.77
34.223,-0.77
34.237,-0.77
34.252,-0.77
34.266,-0.77
34.28,-0.77
34.295,-0.77
34.31,-0.77
34.324,-0.77
34.338,-0.77
34.356,-0.77
34.371,-0.77
34.385,-0.77
34.4,-0.77
34.414,-0.77
34.429,-0.77
34.443,-0.77
34.458,-0.77
34.472,-0.77
34.487,-0.77
34.503,-0.77
34.518,-0.77
34.533,-0.77
34.548,-0.77
34.563,-0.77
34.577,-0.77
34.592,-0.77
34.606,-0.77
34.621,-0.77
34.635,-0.77
34.65,-0.77
34.664,-0.77
34.679,-0.77
34.694,-0.77
34.708,-0.77
34.723,-0.77
34.737,-0.77
34.752,-0.77
34.766,-0.77
34.781,-0.77
34.795,-0.77
34.809,-0.77
34.824,-0.77
34.838,-0.77
34.853,-0.77
34.868,-0.77
34.882,-0.77
34.897,-0.77
34.911,-0.77
34.925,-0.77
34.94,-0.77
34.954,-0.77
34.969,-0.78
34.983,-0.77
34.998,-0.77
35.012,-0.77
35.026,-0.77
35.041,-0.78
35.056,-0.78
35.07,-0.78
35.085,-0.78
35.099,-0.78
35.114,-0.78
35.128,-0.78
35.143,-0.78
35.157,-0.78
35.172,-0.77
35.186,-0.77
35.201,-0.77
35.215,-0.77
35.23,-0.77
35.244,-0.77
35.259,-0.77
35.273,-0.77
35.288,-0.77
35.302,-0.77
35.317,-0.77
35.332,-0.77
35.346,-0.77
35.361,-0.77
35.375,-0.77
35.389,-0.77
35.404,-0.77
35.418,-0.77
35.433,-0.77
35.447,-0.77
35.462,-0.77
35.477,-0.77
35.491,-0.77
35.506,-0.77
35.52,-0.77
35.535,-0.77
35.549,-0.77
35.564,-0.77
35.578,-0.77
35.593,-0.77
35.607,-0.77
35.622,-0.77
35.636,-0.77
35.651,-0.77
35.665,-0.77
35.68,-0.76
35.694,-0.76
35.709,-0.76
35.723,-0.76
35.738,-0.77
35.752,-0.77
35.766,-0.77
35.781,-0.77
35.795,-0.77
35.81,-0.77
35.825,-0.77
35.839,-0.77
35.854,-0.77
35.869,-0.77
35.883,-0.77
35.897,-0.77
35.912,-0.77
35.926,-0.77
35.941,-0.77
35.955,-0.77
35.97,-0.77
35.985,-0.77
36.0,-0.77
36.015,-0.77
36.03,-0.77
36.045,-0.77
36.06,-0.77
36.074,-0.77
36.089,-0.77
36.103,-0.77
36.118,-0.77
36.132,-0.77
36.146,-0.77
36.161,-0.77
36.176,-0.78
36.19,-0.78
36.204,-0.78
36.219,-0.78
36.233,-0.78
36.248,-0.78
36.262,-0.78
36.277,-0.78
36.291,-0.78
36.306,-0.78
36.32,-0.78
36.334,-0.78
36.349,-0.78
36.363,-0.78
36.378,-0.78
36.392,-0.78
36.407,-0.78
36.421,-0.78
36.436,-0.78
36.45,-0.78
36.465,-0.78
36.48,-0.78
36.494,-0.78
36.509,-0.78
36.523,-0.78
36.537,-0.78
36.552,-0.78
36.566,-0.78
36.581,-0.78
36.595,-0.78
36.609,-0.78
36.624,-0.78
36.641,-0.78
36.656,-0.78
36.67,-0.78
36.685,-0.78
36.699,-0.78
36.714,-0.78
36.729,-0.78
36.743,-0.78
36.757,-0.78
36.772,-0.78
36.787,-0.78
36.801,-0.78
36.816,-0.78
36.83,-0.78
36.845,-0.78
36.859,-0.78
36.873,-0.78
36.888,-0.78
36.902,-0.78
36.917,-0.78
36.931,-0.78
36.946,-0.78
36.96,-0.78
36.975,-0.78
36.989,-0.78
37.004,-0.78
37.018,-0.78
37.032,-0.78
37.047,-0.78
37.061,-0.78
37.076,-0.78
37.09,-0.78
37.104,-0.78
37.119,-0.78
37.133,-0.78
37.147,-0.78
37.162,-0.78
37.176,-0.78
37.191,-0.78
37.205,-0.78
37.22,-0.78
37.234,-0.78
37.249,-0.78
37.263,-0.78
37.277,-0.78
37.292,-0.78
37.306,-0.78
37.321,-0.78
37.335,-0.78
37.35,-0.78
37.364,-0.78
37.379,-0.78
37.393,-0.78
37.407,-0.78
37.422,-0.78
37.436,-0.78
37.451,-0.78
37.465,-0.78
37.48,-0.78
37.494,-0.78
37.509,-0.78
37.523,-0.78
37.538,-0.78
37.552,-0.78
37.566,-0.78
37.581,-0.78
37.595,-0.78
37.61,-0.78
37.624,-0.78
37.639,-0.78
37.653,-0.78
37.668,-0.78
37.682,-0.78
37.697,-0.78
37.711,-0.78
37.726,-0.78
37.74,-0.78
37.755,-0.78
37.769,-0.78
37.784,-0.78
37.798,-0.78
37.813,-0.78
37.827,-0.78
37.842,-0.78
37.856,-0.78
37.87,-0.78
37.885,-0.78
37.899,-0.78
37.914,-0.78
37.929,-0.78
37.943,-0.77
37.958,-0.77
37.972,-0.78
37.986,-0.78
38.001,-0.78
38.015,-0.78
38.03,-0.78
38.045,-0.78
38.059,-0.78
38.073,-0.78
38.088,-0.78
38.102,-0.78
38.117,-0.78
38.131,-0.78
38.146,-0.78
38.162,-0.78
38.177,-0.78
38.191,-0.77
38.206,-0.77
38.221,-0.77
38.235,-0.77
38.25,-0.77
38.264,-0.77
38.279,-0.77
38.293,-0.77
38.308,-0.77
38.323,-0.77
38.337,-0.77
38.352,-0.77
38.366,-0.77
38.381,-0.77
38.395,-0.77
38.409,-0.77
38.424,-0.77
38.439,-0.77
38.453,-0.77
38.468,-0.77
38.482,-0.78
38.497,-0.78
38.511,-0.77
38.525,-0.77
38.54,-0.77
38.554,-0.77
38.569,-0.77
38.584,-0.77
38.598,-0.77
38.612,-0.77
38.627,-0.77
38.641,-0.77
38.656,-0.77
38.67,-0.77
38.685,-0.77
38.699,-0.77
38.713,-0.77
38.728,-0.77
38.742,-0.77
38.757,-0.77
38.771,-0.77
38.786,-0.77
38.8,-0.77
38.814,-0.77
38.829,-0.77
38.843,-0.77
38.858,-0.77
38.872,-0.77
38.887,-0.77
38.901,-0.77
38.916,-0.77
38.93,-0.77
38.945,-0.77
38.959,-0.77
38.974,-0.77
38.988,-0.77
39.003,-0.77
39.017,-0.77
39.032,-0.77
39.046,-0.77
39.061,-0.77
39.076,-0.77
39.09,-0.77
39.104,-0.77
39.119,-0.77
39.133,-0.77
39.148,-0.77
39.162,-0.77
39.177,-0.77
39.192,-0.77
39.207,-0.77
39.221,-0.77
39.236,-0.77
39.25,-0.77
39.265,-0.77
39.279,-0.77
39.294,-0.77
39.308,-0.77
39.323,-0.77
39.337,-0.77
39.352,-0.76
39.366,-0.76
39.381,-0.77
39.395,-0.77
39.41,-0.77
39.424,-0.77
39.439,-0.77
39.453,-0.77
39.468,-0.77
39.482,-0.77
39.497,-0.77
39.511,-0.77
39.526,-0.77
39.54,-0.77
39.555,-0.77
39.569,-0.77
39.584,-0.77
39.598,-0.77
39.613,-0.77
39.627,-0.77
39.642,-0.76
39.656,-0.76
39.67,-0.76
39.685,-0.76
39.699,-0.76
39.714,-0.76
39.728,-0.76
39.743,-0.76
39.757,-0.76
39.772,-0.76
39.786,-0.76
39.801,-0.76
39.815,-0.76
39.83,-0.76
39.844,-0.76
39.859,-0.76
39.873,-0.76
39.888,-0.76
39.902,-0.76
39.917,-0.76
39.931,-0.76
39.946,-0.76
39.96,-0.76
39.974,-0.76
39.989,-0.76
40.003,-0.76
40.018,-0.76
40.032,-0.76
40.047,-0.76
40.061,-0.76
40.076,-0.76
40.09,-0.76
40.105,-0.76
40.119,-0.76
40.134,-0.76
40.149,-0.76
40.163,-0.76
40.178,-0.76
40.192,-0.76
40.207,-0.76
40.221,-0.76
40.236,-0.76
40.25,-0.76
40.265,-0.76
40.279,-0.76
40.293,-0.76
40.308,-0.76
40.322,-0.76
40.336,-0.76
40.351,-0.76
40.365,-0.76
40.38,-0.76
40.394,-0.76
40.409,-0.76
40.423,-0.76
40.438,-0.76
40.452,-0.76
40.466,-0.76
40.481,-0.77
40.495,-0.77
40.51,-0.77
40.524,-0.77
40.539,-0.77
40.553,-0.77
40.568,-0.77
40.582,-0.77
40.597,-0.77
40.611,-0.77
40.626,-0.77
40.64,-0.77
40.655,-0.77
40.669,-0.77
40.683,-0.77
40.698,-0.77
40.712,-0.77
40.726,-0.77
40.741,-0.77
40.755,-0.77
40.77,-0.77
40.784,-0.77
40.798,-0.77
40.813,-0.77
40.827,-0.77
40.842,-0.77
40.856,-0.77
40.871,-0.77
40.885,-0.77
40.899,-0.77
40.914,-0.77
40.928,-0.77
40.943,-0.77
40.957,-0.77
40.972,-0.77
40.986,-0.77
41.001,-0.77
41.015,-0.77
41.03,-0.78
41.044,-0.78
41.058,-0.78
41.073,-0.78
41.087,-0.78
41.102,-0.78
41.116,-0.78
41.13,-0.78
41.145,-0.78
41.159,-0.78
41.174,-0.77
41.188,-0.77
41.203,-0.77
41.217,-0.77
41.231,-0.77
41.246,-0.78
41.26,-0.78
41.274,-0.78
41.289,-0.77
41.303,-0.78
41.318,-0.77
41.332,-0.77
41.347,-0.77
41.361,-0.77
41.376,-0.77
41.39,-0.77
41.404,-0.77
41.419,-0.77
41.433,-0.77
41.448,-0.77
41.462,-0.77
41.477,-0.78
41.491,-0.78
41.506,-0.77
41.52,-0.78
41.534,-0.78
41.549,-0.78
41.563,-0.78
41.578,-0.78
41.592,-0.78
41.607,-0.78
41.621,-0.78
41.636,-0.78
41.65,-0.78
41.664,-0.77
41.679,-0.77
41.693,-0.77
41.708,-0.77
41.722,-0.77
41.736,-0.77
41.751,-0.77
41.765,-0.77
41.78,-0.77
41.794,-0.77
41.809,-0.77
41.823,-0.77
41.837,-0.77
41.852,-0.77
41.866,-0.77
41.881,-0.77
41.895,-0.77
41.91,-0.77
41.924,-0.77
41.939,-0.77
41.953,-0.77
41.967,-0.77
41.982,-0.77
41.996,-0.77
42.011,-0.77
42.026,-0.77
42.04,-0.77
42.055,-0.77
42.069,-0.77
42.084,-0.77
42.098,-0.77
42.112,-0.77
42.127,-0.77
42.141,-0.77
42.156,-0.77
42.17,-0.77
42.184,-0.77
42.199,-0.77
42.213,-0.77
42.228,-0.77
42.242,-0.77
42.257,-0.77
42.271,-0.77
42.285,-0.77
42.3,-0.77
42.314,-0.77
42.328,-0.77
42.343,-0.77
42.358,-0.77
42.372,-0.77
42.386,-0.77
42.401,-0.77
42.415,-0.77
42.429,-0.77
42.444,-0.77
42.458,-0.78
42.473,-0.78
42.487,-0.78
42.502,-0.78
42.516,-0.78
42.53,-0.78
42.545,-0.78
42.559,-0.78
42.574,-0.78
42.588,-0.78
42.603,-0.78
42.617,-0.78
42.631,-0.78
42.646,-0.78
42.66,-0.78
42.675,-0.78
42.689,-0.78
42.704,-0.78
42.718,-0.78
42.733,-0.78
42.748,-0.78
42.762,-0.78
42.776,-0.78
42.791,-0.78
42.805,-0.78
42.82,-0.78
42.834,-0.78
42.849,-0.78
42.863,-0.78
42.878,-0.78
42.892,-0.78
42.907,-0.78
42.921,-0.78
42.935,-0.78
42.95,-0.78
42.964,-0.78
42.979,-0.78
42.993,-0.78
43.008,-0.78
43.022,-0.78
43.036,-0.78
43.051,-0.78
43.065,-0.78
43.08,-0.78
43.094,-0.78
43.108,-0.78
43.123,-0.78
43.137,-0.78
43.151,-0.78
43.166,-0.78
43.18,-0.78
43.195,-0.78
43.209,-0.78
43.223,-0.78
43.238,-0.78
43.252,-0.78
43.267,-0.78
43.282,-0.78
43.3,-0.78
43.314,-0.77
43.33,-0.78
43.344,-0.78
43.359,-0.78
43.374,-0.78
43.388,-0.78
43.403,-0.78
43.418,-0.78
43.432,-0.78
43.447,-0.78
43.461,-0.77
43.475,-0.77
43.49,-0.77
43.505,-0.77
43.519,-0.78
43.534,-0.77
43.549,-0.77
43.563,-0.77
43.578,-0.78
43.592,-0.78
43.607,-0.78
43.622,-0.77
43.636,-0.77
43.651,-0.77
43.665,-0.78
43.68,-0.78
43.694,-0.78
43.709,-0.78
43.723,-0.78
43.737,-0.78
43.752,-0.78
43.766,-0.78
43.781,-0.78
43.796,-0.78
43.81,-0.78
43.824,-0.78
43.839,-0.78
43.853,-0.78
43.868,-0.78
43.882,-0.78
43.897,-0.78
43.911,-0.78
43.926,-0.78
43.94,-0.78
43.955,-0.77
43.969,-0.77
43.984,-0.77
43.998,-0.77
44.013,-0.77
44.028,-0.77
44.043,-0.77
44.057,-0.77
44.072,-0.77
44.087,-0.77
44.101,-0.77
44.116,-0.77
44.13,-0.77
44.145,-0.77
44.159,-0.77
44.174,-0.77
44.188,-0.77
44.203,-0.77
44.217,-0.77
44.232,-0.77
44.246,-0.77
44.261,-0.77
44.276,-0.77
44.29,-0.77
44.304,-0.77
44.319,-0.77
44.333,-0.77
44.348,-0.77
44.363,-0.77
44.377,-0.77
44.391,-0.77
44.406,-0.77
44.42,-0.77
44.435,-0.77
44.449,-0.77
44.464,-0.77
44.478,-0.77
44.493,-0.77
44.507,-0.77
44.522,-0.77
44.536,-0.77
44.551,-0.77
44.566,-0.77
44.58,-0.77
44.595,-0.77
44.609,-0.77
44.623,-0.77
44.638,-0.77
44.652,-0.77
44.667,-0.77
44.681,-0.77
44.696,-0.77
44.71,-0.77
44.725,-0.77
44.739,-0.77
44.753,-0.77
44.768,-0.77
44.782,-0.77
44.796,-0.77
44.811,-0.77
44.827,-0.77
44.841,-0.77
44.856,-0.77
44.871,-0.77
44.885,-0.77
44.899,-0.77
44.914,-0.77
44.928,-0.77
44.943,-0.77
44.957,-0.77
44.972,-0.77
44.986,-0.77
45.001,-0.77
45.015,-0.77
45.03,-0.77
45.044,-0.78
45.059,-0.78
45.073,-0.78
45.088,-0.78
45.102,-0.78
45.118,-0.78
45.132,-0.78
45.146,-0.78
45.161,-0.78
45.175,-0.78
45.19,-0.78
45.204,-0.78
45.218,-0.78
45.233,-0.78
45.247,-0.78
45.262,-0.78
45.276,-0.78
45.291,-0.78
45.305,-0.78
45.319,-0.78
45.334,-0.78
45.348,-0.78
45.362,-0.78
45.377,-0.78
45.391,-0.78
45.406,-0.78
45.42,-0.77
45.435,-0.77
45.449,-0.77
45.464,-0.77
45.478,-0.77
45.493,-0.77
45.507,-0.77
45.522,-0.77
45.536,-0.77
45.551,-0.77
45.565,-0.77
45.579,-0.77
45.594,-0.77
45.608,-0.77
45.623,-0.77
45.637,-0.77
45.651,-0.77
45.666,-0.77
45.68,-0.77
45.695,-0.77
45.709,-0.77
45.724,-0.77
45.738,-0.77
45.752,-0.77
45.767,-0.77
45.781,-0.77
45.796,-0.77
45.81,-0.77
45.825,-0.77
45.839,-0.77
45.854,-0.77
45.868,-0.77
45.883,-0.77
45.897,-0.77
45.912,-0.77
45.926,-0.77
45.941,-0.77
45.955,-0.77
45.97,-0.77
45.984,-0.77
45.999,-0.77
46.013,-0.77
46.028,-0.77
46.042,-0.77
46.057,-0.77
46.071,-0.77
46.085,-0.77
46.1,-0.77
46.114,-0.77
46.129,-0.77
46.143,-0.77
46.158,-0.77
46.172,-0.77
46.187,-0.76
46.201,-0.76
46.216,-0.76
46.23,-0.76
46.245,-0.76
46.259,-0.76
46.274,-0.76
46.288,-0.76
46.303,-0.76
46.317,-0.77
46.332,-0.77
46.346,-0.77
46.361,-0.77
46.375,-0.77
46.389,-0.77
46.404,-0.77
46.418,-0.77
46.433,-0.77
46.447,-0.77
46.461,-0.77
46.476,-0.77
46.49,-0.77
46.505,-0.77
46.519,-0.77
46.534,-0.77
46.548,-0.77
46.562,-0.77
46.577,-0.77
46.591,-0.77
46.606,-0.77
46.62,-0.77
46.635,-0.77
46.649,-0.77
46.664,-0.77
46.678,-0.77
46.692,-0.77
46.707,-0.77
46.721,-0.77
46.736,-0.77
46.75,-0.77
46.764,-0.77
46.779,-0.77
46.794,-0.77
46.808,-0.77
46.822,-0.77
46.837,-0.77
46.851,-0.77
46.866,-0.77
46.88,-0.77
46.896,-0.77
46.91,-0.77
46.924,-0.77
46.939,-0.77
46.953,-0.77
46.968,-0.77
46.982,-0.77
46.997,-0.78
47.011,-0.78
47.026,-0.78
47.04,-0.78
47.055,-0.78
47.069,-0.78
47.084,-0.78
47.098,-0.78
47.114,-0.78
47.129,-0.78
47.143,-0.78
47.158,-0.78
47.172,-0.78
47.186,-0.78
47.201,-0.78
47.215,-0.78
47.23,-0.78
47.244,-0.79
47.259,-0.78
47.273,-0.78
47.288,-0.78
47.302,-0.78
47.317,-0.78
47.331,-0.79
47.345,-0.79
47.36,-0.79
47.374,-0.79
47.388,-0.79
47.403,-0.79
47.417,-0.79
47.432,-0.79
47.447,-0.79
47.461,-0.79
47.475,-0.79
47.49,-0.79
47.504,-0.79
47.519,-0.79
47.533,-0.79
47.547,-0.79
47.562,-0.79
47.576,-0.79
47.591,-0.79
47.605,-0.79
47.619,-0.79
47.634,-0.79
47.648,-0.79
47.663,-0.79
47.677,-0.79
47.692,-0.79
47.706,-0.79
47.72,-0.79
47.735,-0.79
47.749,-0.79
47.763,-0.79
47.778,-0.79
47.792,-0.79
47.807,-0.79
47.821,-0.79
47.835,-0.79
47.85,-0.79
47.864,-0.79
47.878,-0.79
47.893,-0.79
47.907,-0.79
47.922,-0.79
47.936,-0.79
47.95,-0.79
47.965,-0.79
47.979,-0.79
47.994,-0.79
48.008,-0.79
48.023,-0.79
48.037,-0.79
48.051,-0.79
48.066,-0.79
48.08,-0.79
48.095,-0.79
48.11,-0.79
48.124,-0.79
48.139,-0.79
48.154,-0.78
48.17,-0.79
48.184,-0.79
48.199,-0.79
48.214,-0.79
48.228,-0.79
48.243,-0.79
48.257,-0.79
48.271,-0.79
48.286,-0.79
48.3,-0.79
48.314,-0.79
48.329,-0.79
48.343,-0.79
48.358,-0.78
48.372,-0.78
48.386,-0.78
48.401,-0.78
48.415,-0.78
48.429,-0.78
48.444,-0.78
48.458,-0.78
48.472,-0.78
48.487,-0.78
48.501,-0.78
48.516,-0.78
48.53,-0.78
48.545,-0.78
48.559,-0.79
48.573,-0.79
48.588,-0.79
48.602,-0.79
48.617,-0.79
48.632,-0.79
48.647,-0.79
48.661,-0.79
48.676,-0.79
48.69,-0.79
48.704,-0.79
48.719,-0.79
48.733,-0.79
48.747,-0.79
48.762,-0.79
48.776,-0.79
48.791,-0.79
48.805,-0.79
48.819,-0.79
48.833,-0.79
48.848,-0.79
48.862,-0.79
48.877,-0.79
48.891,-0.79
48.905,-0.79
48.92,-0.78
48.934,-0.78
48.948,-0.78
48.963,-0.78
48.977,-0.78
48.992,-0.78
49.006,-0.78
49.021,-0.78
49.035,-0.78
49.049,-0.78
49.064,-0.78
49.078,-0.78
49.093,-0.78
49.107,-0.78
49.122,-0.78
49.136,-0.78
49.151,-0.78
49.166,-0.78
49.181,-0.78
49.195,-0.78
49.21,-0.78
49.224,-0.78
49.238,-0.78
49.253,-0.78
49.267,-0.77
49.282,-0.77
49.298,-0.77
49.312,-0.77
49.327,-0.77
49.342,-0.77
49.356,-0.77
49.371,-0.77
49.385,-0.77
49.399,-0.77
49.414,-0.77
49.428,-0.77
49.443,-0.77
49.457,-0.77
49.472,-0.77
49.486,-0.77
49.501,-0.77
49.515,-0.77
49.53,-0.77
49.544,-0.77
49.559,-0.77
49.573,-0.77
49.588,-0.77
49.602,-0.77
49.617,-0.78
49.631,-0.77
49.646,-0.77
49.66,-0.77
49.675,-0.77
49.689,-0.77
49.703,-0.77
49.718,-0.77
49.732,-0.77
49.747,-0.77
49.762,-0.77
49.776,-0.77
49.791,-0.77
49.805,-0.77
49.82,-0.77
49.834,-0.77
49.849,-0.77
49.863,-0.77
49.878,-0.77
49.892,-0.77
49.907,-0.77
49.921,-0.77
49.936,-0.77
49.951,-0.77
49.965,-0.77
49.979,-0.77
49.994,-0.77
50.008,-0.77
50.023,-0.77
50.037,-0.77
50.052,-0.77
50.067,-0.77
50.081,-0.77
50.096,-0.77
50.11,-0.76
50.125,-0.76
50.139,-0.76
50.153,-0.76
50.168,-0.76
50.182,-0.76
50.197,-0.76
50.211,-0.76
50.225,-0.76
50.24,-0.76
50.254,-0.76
50.268,-0.76
50.283,-0.76
50.297,-0.76
50.312,-0.76
50.326,-0.76
50.341,-0.76
50.355,-0.76
50.369,-0.76
50.384,-0.76
50.398,-0.76
50.413,-0.76
50.427,-0.76
50.442,-0.76
50.456,-0.76
50.471,-0.76
50.485,-0.76
50.5,-0.76
50.514,-0.76
50.529,-0.76
50.543,-0.76
50.557,-0.76
50.572,-0.76
50.587,-0.76
50.601,-0.76
50.615,-0.76
50.63,-0.76
50.645,-0.76
50.659,-0.76
50.673,-0.76
50.688,-0.76
50.702,-0.76
50.716,-0.76
50.731,-0.76
50.745,-0.76
50.76,-0.76
50.774,-0.76
50.789,-0.76
50.803,-0.76
50.817,-0.76
50.832,-0.76
50.847,-0.77
50.862,-0.77
50.876,-0.77
50.89,-0.77
50.905,-0.77
50.919,-0.77
50.933,-0.77
50.948,-0.77
50.962,-0.77
50.977,-0.76
50.991,-0.76
51.006,-0.76
51.02,-0.76
51.034,-0.76
51.049,-0.76
51.063,-0.76
51.078,-0.76
51.092,-0.76
51.107,-0.76
51.121,-0.77
51.135,-0.77
51.15,-0.77
51.165,-0.77
51.179,-0.76
51.194,-0.76
51.208,-0.76
51.223,-0.76
51.237,-0.76
51.252,-0.76
51.266,-0.76
51.281,-0.76
51.295,-0.76
51.31,-0.76
51.324,-0.76
51.339,-0.76
51.353,-0.76
51.368,-0.77
51.382,-0.77
51.397,-0.76
51.411,-0.76
51.426,-0.76
51.44,-0.76
51.455,-0.76
51.47,-0.76
51.484,-0.76
51.499,-0.76
51.513,-0.76
51.528,-0.76
51.542,-0.76
51.557,-0.76
51.572,-0.76
51.586,-0.76
51.601,-0.76
51.615,-0.76
51.63,-0.76
51.644,-0.76
51.659,-0.76
51.673,-0.76
51.688,-0.76
51.702,-0.76
51.717,-0.76
51.731,-0.76
51.745,-0.76
51.76,-0.76
51.774,-0.76
51.789,-0.76
51.804,-0.76
51.818,-0.76
51.832,-0.76
51.847,-0.76
51.862,-0.76
51.876,-0.76
51.891,-0.76
51.905,-0.76
51.92,-0.76
51.934,-0.76
51.949,-0.76
51.964,-0.76
51.978,-0.76
51.992,-0.76
52.007,-0.76
52.021,-0.76
52.036,-0.76
52.05,-0.76
52.065,-0.76
52.08,-0.76
52.094,-0.76
52.108,-0.76
52.123,-0.76
52.138,-0.77
52.152,-0.77
52.167,-0.77
52.181,-0.76
52.196,-0.76
52.21,-0.76
52.225,-0.76
52.239,-0.76
52.254,-0.76
52.268,-0.76
52.283,-0.76
52.297,-0.76
52.312,-0.76
52.326,-0.76
52.341,-0.76
52.356,-0.76
52.37,-0.77
52.385,-0.77
52.399,-0.77
52.414,-0.77
52.428,-0.77
52.443,-0.77
52.457,-0.77
52.472,-0.77
52.486,-0.77
52.501,-0.77
52.516,-0.77
52.53,-0.77
52.545,-0.77
52.559,-0.77
52.574,-0.77
52.588,-0.77
52.603,-0.77
52.618,-0.77
52.632,-0.77
52.647,-0.77
52.662,-0.77
52.676,-0.77
52.691,-0.77
52.706,-0.77
52.721,-0.77
52.735,-0.77
52.75,-0.77
52.764,-0.77
52.779,-0.77
52.794,-0.77
52.808,-0.77
52.823,-0.77
52.837,-0.77
52.851,-0.77
52.866,-0.77
52.88,-0.77
52.895,-0.77
52.909,-0.77
52.924,-0.77
52.938,-0.77
52.953,-0.77
52.968,-0.77
52.982,-0.77
52.997,-0.77
53.011,-0.77
53.026,-0.77
53.04,-0.77
53.055,-0.77
53.069,-0.77
53.084,-0.77
53.098,-0.77
53.113,-0.77
53.127,-0.77
53.142,-0.77
53.156,-0.77
53.172,-0.77
53.186,-0.77
53.2,-0.77
53.215,-0.77
53.229,-0.77
53.244,-0.77
53.258,-0.77
53.272,-0.77
53.287,-0.77
53.301,-0.77
53.316,-0.77
53.33,-0.77
53.345,-0.77
53.359,-0.77
53.374,-0.77
53.388,-0.77
53.403,-0.77
53.417,-0.77
53.432,-0.77
53.446,-0.77
53.46,-0.77
53.475,-0.77
53.489,-0.77
53.504,-0.77
53.518,-0.77
53.532,-0.77
53.547,-0.77
53.561,-0.77
53.576,-0.77
53.59,-0.77
53.605,-0.77
53.619,-0.77
53.634,-0.78
53.648,-0.78
53.663,-0.78
53.677,-0.78
53.692,-0.78
53.706,-0.78
53.721,-0.77
53.735,-0.77
53.749,-0.77
53.764,-0.77
53.778,-0.77
53.793,-0.77
53.807,-0.77
53.822,-0.77
53.836,-0.77
53.851,-0.78
53.865,-0.78
53.879,-0.78
53.894,-0.78
53.908,-0.78
53.923,-0.78
53.937,-0.78
53.952,-0.78
53.967,-0.78
53.981,-0.78
53.996,-0.78
54.01,-0.77
54.025,-0.77
54.039,-0.77
54.054,-0.77
54.068,-0.77
54.083,-0.77
54.097,-0.77
54.112,-0.77
54.126,-0.77
54.141,-0.77
54.156,-0.77
54.17,-0.77
54.185,-0.77
54.199,-0.77
54.214,-0.77
54.228,-0.77
54.243,-0.77
54.257,-0.77
54.271,-0.77
54.286,-0.77
54.301,-0.77
54.315,-0.77
54.33,-0.77
54.344,-0.77
54.359,-0.77
54.374,-0.77
54.388,-0.77
54.402,-0.77
54.417,-0.77
54.431,-0.77
54.446,-0.77
54.46,-0.77
54.475,-0.77
54.49,-0.77
54.504,-0.77
54.519,-0.77
54.534,-0.77
54.548,-0.77
54.563,-0.77
54.578,-0.77
54.593,-0.77
54.607,-0.77
54.622,-0.77
54.636,-0.77
54.651,-0.77
54.665,-0.77
54.68,-0.77
54.694,-0.77
54.709,-0.77
54.723,-0.77
54.738,-0.77
54.752,-0.77
54.767,-0.77
54.781,-0.77
54.795,-0.77
54.81,-0.77
54.824,-0.77
54.839,-0.77
54.853,-0.77
54.868,-0.77
54.882,-0.77
54.897,-0.77
54.911,-0.77
54.926,-0.77
54.94,-0.77
54.954,-0.77
54.969,-0.77
54.983,-0.77
54.998,-0.77
55.012,-0.77
55.027,-0.77
55.041,-0.77
55.056,-0.77
55.07,-0.77
55.084,-0.77
55.099,-0.77
55.113,-0.77
55.128,-0.77
55.142,-0.77
55.157,-0.77
55.171,-0.77
55.186,-0.77
55.201,-0.77
55.215,-0.77
55.23,-0.77
55.244,-0.77
55.259,-0.76
55.273,-0.76
55.288,-0.76
55.302,-0.77
55.317,-0.76
55.331,-0.76
55.346,-0.76
55.36,-0.76
55.375,-0.76
55.389,-0.76
55.404,-0.76
55.418,-0.76
55.433,-0.76
55.448,-0.76
55.462,-0.76
55.477,-0.76
55.491,-0.76
55.505,-0.76
55.52,-0.76
55.534,-0.76
55.548,-0.76
55.563,-0.76
55.578,-0.76
55.593,-0.76
55.607,-0.76
55.621,-0.76
55.636,-0.76
55.65,-0.76
55.664,-0.76
55.679,-0.76
55.693,-0.76
55.708,-0.76
55.722,-0.76
55.737,-0.76
55.751,-0.76
55.766,-0.76
55.78,-0.76
55.795,-0.76
55.81,-0.76
55.825,-0.76
55.839,-0.76
55.854,-0.76
55.868,-0.76
55.882,-0.76
55.896,-0.76
55.911,-0.76
55.925,-0.76
55.94,-0.76
55.954,-0.76
55.969,-0.76
55.983,-0.76
55.997,-0.76
56.012,-0.76
56.026,-0.76
56.041,-0.76
56.055,-0.76
56.07,-0.76
56.084,-0.76
56.098,-0.76
56.113,-0.76
56.127,-0.76
56.142,-0.76
56.156,-0.76
56.171,-0.76
56.185,-0.76
56.199,-0.76
56.214,-0.76
56.228,-0.76
56.243,-0.76
56.257,-0.76
56.272,-0.76
56.286,-0.76
56.3,-0.76
56.315,-0.76
56.329,-0.76
56.344,-0.76
56.358,-0.76
56.373,-0.76
56.387,-0.76
56.401,-0.76
56.416,-0.76
56.43,-0.76
56.445,-0.76
56.459,-0.76
56.474,-0.76
56.488,-0.76
56.503,-0.76
56.517,-0.76
56.531,-0.76
56.546,-0.76
56.56,-0.76
56.575,-0.76
56.589,-0.76
56.604,-0.76
56.618,-0.76
56.633,-0.76
56.647,-0.76
56.661,-0.76
56.676,-0.76
56.69,-0.76
56.708,-0.76
56.722,-0.76
56.737,-0.75
56.751,-0.76
56.766,-0.76
56.78,-0.76
56.795,-0.76
56.81,-0.76
56.824,-0.76
56.839,-0.76
56.853,-0.76
56.868,-0.76
56.882,-0.76
56.897,-0.76
56.911,-0.76
56.925,-0.76
56.94,-0.76
56.954,-0.76
56.969,-0.76
56.983,-0.77
56.998,-0.77
57.012,-0.77
57.027,-0.77
57.041,-0.77
57.056,-0.77
57.07,-0.77
57.085,-0.77
57.099,-0.77
57.114,-0.77
57.128,-0.77
57.143,-0.77
57.157,-0.77
57.172,-0.77
57.187,-0.76
57.201,-0.76
57.216,-0.76
57.23,-0.76
57.245,-0.76
57.259,-0.76
57.274,-0.76
57.288,-0.76
57.303,-0.76
57.317,-0.76
57.332,-0.76
57.346,-0.76
57.361,-0.76
57.375,-0.76
57.389,-0.76
57.404,-0.77
57.419,-0.77
57.433,-0.77
57.448,-0.77
57.462,-0.76
57.477,-0.76
57.492,-0.76
57.506,-0.76
57.521,-0.76
57.536,-0.76
57.55,-0.76
57.564,-0.76
57.578,-0.76
57.593,-0.76
57.607,-0.76
57.622,-0.76
57.637,-0.76
57.651,-0.76
57.666,-0.76
57.681,-0.76
57.695,-0.76
57.71,-0.76
57.724,-0.76
57.739,-0.77
57.753,-0.76
57.768,-0.76
57.782,-0.77
57.797,-0.77
57.812,-0.76
57.826,-0.76
57.841,-0.76
57.855,-0.77
57.87,-0.77
57.884,-0.77
57.899,-0.77
57.913,-0.77
57.928,-0.77
57.943,-0.77
57.957,-0.77
57.972,-0.76
57.986,-0.76
58.0,-0.76
58.015,-0.76
58.029,-0.76
58.044,-0.76
58.059,-0.76
58.073,-0.76
58.088,-0.76
58.102,-0.76
58.117,-0.76
58.132,-0.76
58.146,-0.76
58.161,-0.76
58.176,-0.76
58.19,-0.76
58.204,-0.76
58.219,-0.76
58.233,-0.76
58.248,-0.76
58.262,-0.76
58.277,-0.76
58.291,-0.76
58.306,-0.76
58.32,-0.76
58.335,-0.76
58.349,-0.76
58.363,-0.76
58.378,-0.76
58.393,-0.76
58.407,-0.76
58.422,-0.76
58.436,-0.76
58.451,-0.76
58.466,-0.76
58.48,-0.76
58.494,-0.76
58.509,-0.76
58.523,-0.76
58.538,-0.76
58.552,-0.76
58.567,-0.77
58.581,-0.76
58.596,-0.76
58.61,-0.76
58.624,-0.76
58.639,-0.76
58.654,-0.77
58.669,-0.76
58.683,-0.77
58.697,-0.77
58.712,-0.77
58.727,-0.76
58.741,-0.76
58.756,-0.76
58.77,-0.76
58.785,-0.77
58.799,-0.77
58.814,-0.76
58.828,-0.76
58.843,-0.76
58.857,-0.76
58.871,-0.76
58.886,-0.76
58.9,-0.76
58.915,-0.76
58.929,-0.76
58.944,-0.76
58.958,-0.76
58.973,-0.76
58.987,-0.76
59.002,-0.76
59.016,-0.76
59.031,-0.76
59.045,-0.76
59.06,-0.76
59.075,-0.76
59.089,-0.76
59.104,-0.76
59.118,-0.76
59.133,-0.76
59.147,-0.76
59.162,-0.76
59.177,-0.76
59.192,-0.76
59.21,-0.76
59.224,-0.76
59.239,-0.76
59.254,-0.76
59.268,-0.76
59.283,-0.76
59.297,-0.76
59.311,-0.76
59.326,-0.76
59.341,-0.76
59.355,-0.76
59.369,-0.76
59.384,-0.76
59.398,-0.76
59.413,-0.76
59.427,-0.76
59.442,-0.76
59.457,-0.76
59.471,-0.76
59.486,-0.76
59.5,-0.76
59.514,-0.76
59.529,-0.76
59.543,-0.76
59.558,-0.76
59.572,-0.76
59.587,-0.76
59.601,-0.76
59.616,-0.76
59.63,-0.76
59.645,-0.76
59.659,-0.76
59.674,-0.76
59.689,-0.76
59.703,-0.76
59.718,-0.76
59.733,-0.76
59.748,-0.76
59.763,-0.76
59.778,-0.76
59.792,-0.76
59.807,-0.76
59.821,-0.76
59.835,-0.76
59.85,-0.76
59.864,-0.76
59.879,-0.76
59.893,-0.77
59.908,-0.77
59.923,-0.76
59.937,-0.76
59.952,-0.76
59.966,-0.76
59.981,-0.76
59.995,-0.76
